"","coddepto","codprovincia","codmpio","depto","provincia","municipio","ano","ipm_asisescu_pob","pobl_tot"
"1",5,595,5001,"Antioquia","Valle del aburra","Medellín",2005,155102.27,2214494
"2",5,562,5002,"Antioquia","Oriente","Abejorral",2005,3318.8536,20249
"3",5,560,5004,"Antioquia","Occidente","Abriaquí",2005,232.2971,2690
"4",5,562,5021,"Antioquia","Oriente","Alejandría",2005,394.38093,3816
"5",5,585,5030,"Antioquia","Suroeste","Amagá",2005,3226.2068,27155
"6",5,556,5031,"Antioquia","Nordeste","Amalfi",2005,3365.1127,20525
"7",5,585,5034,"Antioquia","Suroeste","Andes",2005,5390.1021,41591
"8",5,585,5036,"Antioquia","Suroeste","Angelópolis",2005,1098.7246,7641
"9",5,558,5038,"Antioquia","Norte","Angostura",2005,2816.0101,12519
"10",5,556,5040,"Antioquia","Nordeste","Anorí",2005,3102.9137,15016
"11",5,560,5042,"Antioquia","Occidente","Santafé de Antioquia",2005,2841.9669,22903
"12",5,560,5044,"Antioquia","Occidente","Anza",2005,1224.0638,7415
"13",5,592,5045,"Antioquia","Urabá","Apartadó",2005,16560.519,131416
"14",5,592,5051,"Antioquia","Urabá","Arboletes",2005,4637.7433,30738
"15",5,562,5055,"Antioquia","Oriente","Argelia",2005,1283.11,10091
"16",5,560,5059,"Antioquia","Occidente","Armenia",2005,645.10159,5196
"17",5,595,5079,"Antioquia","Valle del aburra","Barbosa",2005,3590.6238,42453
"18",5,558,5086,"Antioquia","Norte","Belmira",2005,848.18607,6188
"19",5,595,5088,"Antioquia","Valle del aburra","Bello",2005,23316.05,371625
"20",5,585,5091,"Antioquia","Suroeste","Betania",2005,1622.283,10246
"21",5,585,5093,"Antioquia","Suroeste","Betulia",2005,3313.2058,16725
"22",5,585,5101,"Antioquia","Suroeste","Ciudad Bolívar",2005,3846.1391,28279
"23",5,558,5107,"Antioquia","Norte","Briceño",2005,2711.977,8783
"24",5,560,5113,"Antioquia","Occidente","Buriticá",2005,1649.7281,6955
"25",5,511,5120,"Antioquia","Bajo cauca","Cáceres",2005,5974.2769,28945
"26",5,585,5125,"Antioquia","Suroeste","Caicedo",2005,1556.4465,7686
"27",5,595,5129,"Antioquia","Valle del aburra","Caldas",2005,3719.401,67994
"28",5,558,5134,"Antioquia","Norte","Campamento",2005,1990.6854,9688
"29",5,560,5138,"Antioquia","Occidente","Cañasgordas",2005,2425.2035,16816
"30",5,546,5142,"Antioquia","Magdalena medio","Caracolí",2005,388.9457,4855
"31",5,585,5145,"Antioquia","Suroeste","Caramanta",2005,547.73532,5510
"32",5,592,5147,"Antioquia","Urabá","Carepa",2005,5837.9736,43125
"33",5,562,5148,"Antioquia","Oriente","El Carmen de Viboral",2005,3595.5302,41012
"34",5,558,5150,"Antioquia","Norte","Carolina",2005,130.43425,3971
"35",5,511,5154,"Antioquia","Bajo cauca","Caucasia",2005,11943.99,87543
"36",5,592,5172,"Antioquia","Urabá","Chigorodó",2005,6729.3579,58922
"37",5,556,5190,"Antioquia","Nordeste","Cisneros",2005,635.2031,9682
"38",5,562,5197,"Antioquia","Oriente","Cocorná",2005,2011.5089,15119
"39",5,562,5206,"Antioquia","Oriente","Concepción",2005,488.3265,4509
"40",5,585,5209,"Antioquia","Suroeste","Concordia",2005,4115.5938,21420
"41",5,595,5212,"Antioquia","Valle del aburra","Copacabana",2005,2719.4815,61230
"42",5,560,5234,"Antioquia","Occidente","Dabeiba",2005,6902.7104,24084
"43",5,558,5237,"Antioquia","Norte","Don Matías",2005,1878.6337,17701
"44",5,560,5240,"Antioquia","Occidente","Ebéjico",2005,1330.7225,12511
"45",5,511,5250,"Antioquia","Bajo cauca","El Bagre",2005,6716.4717,46020
"46",5,558,5264,"Antioquia","Norte","Entrerrios",2005,771.01513,8447
"47",5,595,5266,"Antioquia","Valle del aburra","Envigado",2005,5310.6694,174150
"48",5,585,5282,"Antioquia","Suroeste","Fredonia",2005,2286.2485,22692
"49",5,560,5284,"Antioquia","Occidente","Frontino",2005,3260.3617,20031
"50",5,560,5306,"Antioquia","Occidente","Giraldo",2005,441.92907,4188
"51",5,595,5308,"Antioquia","Valle del aburra","Girardota",2005,2023.8579,42581
"52",5,558,5310,"Antioquia","Norte","Gómez Plata",2005,1225.6365,11252
"53",5,562,5313,"Antioquia","Oriente","Granada",2005,1300.129,9789
"54",5,558,5315,"Antioquia","Norte","Guadalupe",2005,924.15762,6231
"55",5,562,5318,"Antioquia","Oriente","Guarne",2005,3195.6443,39541
"56",5,562,5321,"Antioquia","Oriente","Guatapé",2005,368.11626,5838
"57",5,560,5347,"Antioquia","Occidente","Heliconia",2005,738.6729,6656
"58",5,585,5353,"Antioquia","Suroeste","Hispania",2005,467.62591,4821
"59",5,595,5360,"Antioquia","Valle del aburra","Itagui",2005,11342.382,234973
"60",5,558,5361,"Antioquia","Norte","Ituango",2005,6480.5967,25088
"61",5,585,5364,"Antioquia","Suroeste","Jardín",2005,1512.7963,14433
"62",5,585,5368,"Antioquia","Suroeste","Jericó",2005,608.15148,12789
"63",5,562,5376,"Antioquia","Oriente","La Ceja",2005,3434.2793,46268
"64",5,595,5380,"Antioquia","Valle del aburra","La Estrella",2005,2517.867,52571
"65",5,585,5390,"Antioquia","Suroeste","La Pintada",2005,685.47973,7066
"66",5,562,5400,"Antioquia","Oriente","La Unión",2005,1526.0066,17842
"67",5,560,5411,"Antioquia","Occidente","Liborina",2005,1248.9774,9475
"68",5,546,5425,"Antioquia","Magdalena medio","Maceo",2005,702.32777,7630
"69",5,562,5440,"Antioquia","Oriente","Marinilla",2005,2883.4344,45548
"70",5,585,5467,"Antioquia","Suroeste","Montebello",2005,997.12174,7523
"71",5,592,5475,"Antioquia","Urabá","Murindó",2005,1521.9044,3736
"72",5,592,5480,"Antioquia","Urabá","Mutatá",2005,3818.0216,16428
"73",5,562,5483,"Antioquia","Oriente","Nariño",2005,2713.4194,15579
"74",5,592,5490,"Antioquia","Urabá","Necoclí",2005,10545.803,47989
"75",5,511,5495,"Antioquia","Bajo cauca","Nechí",2005,3731.0886,20668
"76",5,560,5501,"Antioquia","Occidente","Olaya",2005,273.49047,2916
"77",5,562,5541,"Antioquia","Oriente","Peñol",2005,1577.7563,16241
"78",5,560,5543,"Antioquia","Occidente","Peque",2005,1937.4096,9621
"79",5,585,5576,"Antioquia","Suroeste","Pueblorrico",2005,908.66659,8294
"80",5,546,5579,"Antioquia","Magdalena medio","Puerto Berrío",2005,4988.5471,38953
"81",5,546,5585,"Antioquia","Magdalena medio","Puerto Nare",2005,1917.7778,16690
"82",5,546,5591,"Antioquia","Magdalena medio","Puerto Triunfo",2005,2556.2767,16248
"83",5,556,5604,"Antioquia","Nordeste","Remedios",2005,3571.0217,22769
"84",5,562,5607,"Antioquia","Oriente","Retiro",2005,811.50373,16976
"85",5,562,5615,"Antioquia","Oriente","Rionegro",2005,6256.8337,100513
"86",5,560,5628,"Antioquia","Occidente","Sabanalarga",2005,2191.4538,8193
"87",5,595,5631,"Antioquia","Valle del aburra","Sabaneta",2005,1145.7405,44443
"88",5,585,5642,"Antioquia","Suroeste","Salgar",2005,3224.157,18206
"89",5,558,5647,"Antioquia","Norte","San Andrés de Cuerquía",2005,865.96728,7367
"90",5,562,5649,"Antioquia","Oriente","San Carlos",2005,1891.7372,15826
"91",5,562,5652,"Antioquia","Oriente","San Francisco",2005,1034.2116,6395
"92",5,560,5656,"Antioquia","Occidente","San Jerónimo",2005,1170.6726,11627
"93",5,558,5658,"Antioquia","Norte","San José de La Montaña",2005,297.76264,3103
"94",5,592,5659,"Antioquia","Urabá","San Juan de Urabá",2005,4125.2118,20899
"95",5,562,5660,"Antioquia","Oriente","San Luis",2005,1567.6365,11009
"96",5,558,5664,"Antioquia","Norte","San Pedro",2005,1487.5242,22066
"97",5,592,5665,"Antioquia","Urabá","San Pedro de Uraba",2005,4313.3573,28772
"98",5,562,5667,"Antioquia","Oriente","San Rafael",2005,1011.768,13530
"99",5,556,5670,"Antioquia","Nordeste","San Roque",2005,2191.1559,18157
"100",5,562,5674,"Antioquia","Oriente","San Vicente",2005,2450.329,19438
"101",5,585,5679,"Antioquia","Suroeste","Santa Bárbara",2005,2729.2097,23590
"102",5,558,5686,"Antioquia","Norte","Santa Rosa de Osos",2005,3188.1352,31025
"103",5,556,5690,"Antioquia","Nordeste","Santo Domingo",2005,1222.5579,11567
"104",5,562,5697,"Antioquia","Oriente","El Santuario",2005,2731.7398,26287
"105",5,556,5736,"Antioquia","Nordeste","Segovia",2005,4973.8288,35071
"106",5,562,5756,"Antioquia","Oriente","Sonson",2005,5958.1801,38779
"107",5,560,5761,"Antioquia","Occidente","Sopetrán",2005,1263.8331,13385
"108",5,585,5789,"Antioquia","Suroeste","Támesis",2005,1351.3556,16387
"109",5,511,5790,"Antioquia","Bajo cauca","Tarazá",2005,8285.125,32943
"110",5,585,5792,"Antioquia","Suroeste","Tarso",2005,783.27574,7155
"111",5,585,5809,"Antioquia","Suroeste","Titiribí",2005,1532.306,13317
"112",5,558,5819,"Antioquia","Norte","Toledo",2005,744.99213,5697
"113",5,592,5837,"Antioquia","Urabá","Turbo",2005,20129.954,121885
"114",5,560,5842,"Antioquia","Occidente","Uramita",2005,1748.2104,8304
"115",5,585,5847,"Antioquia","Suroeste","Urrao",2005,5210.2367,38923
"116",5,558,5854,"Antioquia","Norte","Valdivia",2005,4691.7833,17290
"117",5,585,5856,"Antioquia","Suroeste","Valparaíso",2005,446.74443,6324
"118",5,556,5858,"Antioquia","Nordeste","Vegachí",2005,1666.9405,11293
"119",5,585,5861,"Antioquia","Suroeste","Venecia",2005,1228.2277,13419
"120",5,592,5873,"Antioquia","Urabá","Vigía del Fuerte",2005,2092.8856,5487
"121",5,556,5885,"Antioquia","Nordeste","Yalí",2005,1216.0083,7734
"122",5,558,5887,"Antioquia","Norte","Yarumal",2005,3770.0989,41240
"123",5,556,5890,"Antioquia","Nordeste","Yolombó",2005,2640.5886,20025
"124",5,546,5893,"Antioquia","Magdalena medio","Yondó",2005,2645.1831,15097
"125",5,511,5895,"Antioquia","Bajo cauca","Zaragoza",2005,4765.7096,26959
"126",8,858,8001,"Atlántico","Norte","Barranquilla",2005,86327.975,1146498
"127",8,823,8078,"Atlántico","Centro oriente","Baranoa",2005,2969.4788,51565
"128",8,882,8137,"Atlántico","Sur","Campo de La Cruz",2005,3496.8409,19118
"129",8,882,8141,"Atlántico","Sur","Candelaria",2005,1337.5363,12030
"130",8,858,8296,"Atlántico","Norte","Galapa",2005,2460.5229,31985
"131",8,859,8372,"Atlántico","Occidental","Juan de Acosta",2005,1041.4684,14578
"132",8,882,8421,"Atlántico","Sur","Luruaco",2005,2044.5066,23559
"133",8,858,8433,"Atlántico","Norte","Malambo",2005,8804.6451,101280
"134",8,882,8436,"Atlántico","Sur","Manatí",2005,1280.0061,13810
"135",8,823,8520,"Atlántico","Centro oriente","Palmar de Varela",2005,1269.9316,23678
"136",8,859,8549,"Atlántico","Occidental","Piojó",2005,316.0781,5026
"137",8,823,8558,"Atlántico","Centro oriente","Polonuevo",2005,1315.6796,13901
"138",8,823,8560,"Atlántico","Centro oriente","Ponedera",2005,3047.1519,18944
"139",8,858,8573,"Atlántico","Norte","Puerto Colombia",2005,1077.9043,27825
"140",8,882,8606,"Atlántico","Sur","Repelón",2005,1968.2268,22875
"141",8,823,8634,"Atlántico","Centro oriente","Sabanagrande",2005,3738.3671,25399
"142",8,823,8638,"Atlántico","Centro oriente","Sabanalarga",2005,8037.0725,86623
"143",8,882,8675,"Atlántico","Sur","Santa Lucía",2005,1753.8158,12423
"144",8,823,8685,"Atlántico","Centro oriente","Santo Tomás",2005,1171.6563,23877
"145",8,858,8758,"Atlántico","Norte","Soledad",2005,45526.658,461603
"146",8,882,8770,"Atlántico","Sur","Suan",2005,1049.3576,9702
"147",8,859,8832,"Atlántico","Occidental","Tubará",2005,637.50632,10912
"148",8,859,8849,"Atlántico","Occidental","Usiacurí",2005,713.02513,8809
"149",11,1115,11001,"Bogotá, D.C.","Bogotá","Bogotá, D.C.",2005,315703.5,6840116
"150",13,1331,13001,"Bolívar","Dique bolivarense","Cartagena",2005,58570.373,893033
"151",13,1351,13006,"Bolívar","Mojana","Achí",2005,3022.1881,19644
"152",13,1344,13030,"Bolívar","Loba","Altos del Rosario",2005,1807.554,11357
"153",13,1347,13042,"Bolívar","Magdalena medio bolivarense","Arenal",2005,3003.0002,15414
"154",13,1331,13052,"Bolívar","Dique bolivarense","Arjona",2005,6312.956,60418
"155",13,1331,13062,"Bolívar","Dique bolivarense","Arroyohondo",2005,885.57147,8804
"156",13,1344,13074,"Bolívar","Loba","Barranco de Loba",2005,3230.8836,15148
"157",13,1331,13140,"Bolívar","Dique bolivarense","Calamar",2005,2071.5701,20722
"158",13,1347,13160,"Bolívar","Magdalena medio bolivarense","Cantagallo",2005,1322.7608,7811
"159",13,1330,13188,"Bolívar","Depresión momposina","Cicuco",2005,1714.3924,11094
"160",13,1352,13212,"Bolívar","Montes de maría","Córdoba",2005,2119.3676,13113
"161",13,1331,13222,"Bolívar","Dique bolivarense","Clemencia",2005,1256.7306,11714
"162",13,1352,13244,"Bolívar","Montes de maría","El Carmen de Bolívar",2005,9385.7651,67963
"163",13,1352,13248,"Bolívar","Montes de maría","El Guamo",2005,1081.0977,7826
"164",13,1344,13268,"Bolívar","Loba","El Peñón",2005,1024.8975,7807
"165",13,1330,13300,"Bolívar","Depresión momposina","Hatillo de Loba",2005,2520.1161,11470
"166",13,1351,13430,"Bolívar","Mojana","Magangué",2005,16032.151,121481
"167",13,1331,13433,"Bolívar","Dique bolivarense","Mahates",2005,2104.8157,22929
"168",13,1330,13440,"Bolívar","Depresión momposina","Margarita",2005,2090.7788,9406
"169",13,1352,13442,"Bolívar","Montes de maría","María La Baja",2005,6544.4882,45395
"170",13,1351,13458,"Bolívar","Mojana","Montecristo",2005,2176.9112,16973
"171",13,1330,13468,"Bolívar","Depresión momposina","Mompós",2005,4627.1654,41565
"172",13,1347,13473,"Bolívar","Magdalena medio bolivarense","Morales",2005,3025.5468,18523
"173",13,1347,13490,"Bolívar","Magdalena medio bolivarense","Norosí (1)",2005,NA,0
"174",13,1316,13549,"Bolívar","Bolivarense","Pinillos",2005,3633.5833,22801
"175",13,1344,13580,"Bolívar","Loba","Regidor",2005,1256.5711,8796
"176",13,1344,13600,"Bolívar","Loba","Río Viejo (1)(3)",2005,4530.8358,21060
"177",13,1331,13620,"Bolívar","Dique bolivarense","San Cristóbal",2005,491.72399,6561
"178",13,1331,13647,"Bolívar","Dique bolivarense","San Estanislao",2005,963.45401,15312
"179",13,1330,13650,"Bolívar","Depresión momposina","San Fernando",2005,1751.4833,12965
"180",13,1352,13654,"Bolívar","Montes de maría","San Jacinto",2005,1449.035,21593
"181",13,1316,13655,"Bolívar","Bolivarense","San Jacinto del Cauca",2005,1380.0178,10935
"182",13,1352,13657,"Bolívar","Montes de maría","San Juan Nepomuceno",2005,3567.4653,32514
"183",13,1344,13667,"Bolívar","Loba","San Martín de Loba",2005,2745.3274,14248
"184",13,1347,13670,"Bolívar","Magdalena medio bolivarense","San Pablo",2005,5231.7209,27010
"185",13,1331,13673,"Bolívar","Dique bolivarense","Santa Catalina",2005,1589.9112,12058
"186",13,1331,13683,"Bolívar","Dique bolivarense","Santa Rosa",2005,3258.7773,18195
"187",13,1347,13688,"Bolívar","Magdalena medio bolivarense","Santa Rosa del Sur",2005,5607.8115,34015
"188",13,1347,13744,"Bolívar","Magdalena medio bolivarense","Simití",2005,3255.1881,18418
"189",13,1331,13760,"Bolívar","Dique bolivarense","Soplaviento",2005,1243.2042,8281
"190",13,1330,13780,"Bolívar","Depresión momposina","Talaigua Nuevo",2005,1103.4672,11086
"191",13,1316,13810,"Bolívar","Bolivarense","Tiquisio",2005,4729.9034,18786
"192",13,1331,13836,"Bolívar","Dique bolivarense","Turbaco",2005,3935.009,63057
"193",13,1331,13838,"Bolívar","Dique bolivarense","Turbaná",2005,1322.8416,13493
"194",13,1331,13873,"Bolívar","Dique bolivarense","Villanueva",2005,2431.6484,17576
"195",13,1352,13894,"Bolívar","Montes de maría","Zambrano",2005,1336.0886,11110
"196",15,1521,15001,"Boyacá","Centro","Tunja",2005,6801.4593,154066
"197",15,1562,15022,"Boyacá","Oriente","Almeida",2005,170.82982,2294
"198",15,1580,15047,"Boyacá","Sugamuxi","Aquitania",2005,1854.0448,16592
"199",15,1567,15051,"Boyacá","Ricaurte","Arcabuco",2005,595.04417,5198
"200",15,1589,15087,"Boyacá","Tundama","Belén",2005,590.30588,9041
"201",15,1543,15090,"Boyacá","Lengupa","Berbeo",2005,82.724242,1913
"202",15,1593,15092,"Boyacá","Valderrama","Betéitiva",2005,160.37891,2479
"203",15,1558,15097,"Boyacá","Norte","Boavita",2005,616.40521,8796
"204",15,1549,15104,"Boyacá","Marquez","Boyacá",2005,599.80211,5074
"205",15,1560,15106,"Boyacá","Occidente","Briceño",2005,424.65366,2748
"206",15,1560,15109,"Boyacá","Occidente","Buenavista",2005,905.12576,5889
"207",15,1589,15114,"Boyacá","Tundama","Busbanzá",2005,90.981274,885
"208",15,1560,15131,"Boyacá","Occidente","Caldas",2005,351.47925,4050
"209",15,1543,15135,"Boyacá","Lengupa","Campohermoso",2005,590.60995,4065
"210",15,1589,15162,"Boyacá","Tundama","Cerinza",2005,152.69827,4312
"211",15,1554,15172,"Boyacá","Neira","Chinavita",2005,361.40192,3741
"212",15,1560,15176,"Boyacá","Occidente","Chiquinquirá",2005,4075.8258,55797
"213",15,1540,15180,"Boyacá","Gutierrez","Chiscas",2005,455.73255,5372
"214",15,1593,15183,"Boyacá","Valderrama","Chita",2005,1695.5765,10844
"215",15,1567,15185,"Boyacá","Ricaurte","Chitaraque",2005,1143.3873,6711
"216",15,1521,15187,"Boyacá","Centro","Chivatá",2005,420.4267,5049
"217",15,1549,15189,"Boyacá","Marquez","Ciénega",2005,784.35836,5242
"218",15,1521,15204,"Boyacá","Centro","Cómbita",2005,1038.9227,12981
"219",15,1560,15212,"Boyacá","Occidente","Coper",2005,739.10041,4201
"220",15,1589,15215,"Boyacá","Tundama","Corrales",2005,101.6094,2544
"221",15,1558,15218,"Boyacá","Norte","Covarachía",2005,363.12606,3324
"222",15,1540,15223,"Boyacá","Gutierrez","Cubará",2005,1911.4506,6614
"223",15,1521,15224,"Boyacá","Centro","Cucaita",2005,798.84453,4568
"224",15,1580,15226,"Boyacá","Sugamuxi","Cuítiva",2005,188.41099,2011
"225",15,1521,15232,"Boyacá","Centro","Chíquiza",2005,1389.7502,6073
"226",15,1562,15236,"Boyacá","Oriente","Chivor",2005,178.56,2232
"227",15,1589,15238,"Boyacá","Tundama","Duitama",2005,4623.6144,107417
"228",15,1540,15244,"Boyacá","Gutierrez","El Cocuy",2005,486.99266,5582
"229",15,1540,15248,"Boyacá","Gutierrez","El Espino",2005,249.8125,3997
"230",15,1580,15272,"Boyacá","Sugamuxi","Firavitoba",2005,365.35344,6316
"231",15,1589,15276,"Boyacá","Tundama","Floresta",2005,337.04337,4884
"232",15,1567,15293,"Boyacá","Ricaurte","Gachantivá",2005,277.46737,3085
"233",15,1580,15296,"Boyacá","Sugamuxi","Gameza",2005,583.50734,5669
"234",15,1554,15299,"Boyacá","Neira","Garagoa",2005,1144.1372,16520
"235",15,1540,15317,"Boyacá","Gutierrez","Guacamayas",2005,120.61236,2132
"236",15,1562,15322,"Boyacá","Oriente","Guateque",2005,426.59106,10171
"237",15,1562,15325,"Boyacá","Oriente","Guayatá",2005,201.06578,6368
"238",15,1540,15332,"Boyacá","Gutierrez","Güicán",2005,1824.5252,7869
"239",15,1580,15362,"Boyacá","Sugamuxi","Iza",2005,178.15112,2116
"240",15,1549,15367,"Boyacá","Marquez","Jenesano",2005,774.99479,7436
"241",15,1593,15368,"Boyacá","Valderrama","Jericó",2005,777.97966,4716
"242",15,1542,15377,"Boyacá","La libertad","Labranzagrande",2005,887.40683,5345
"243",15,1562,15380,"Boyacá","Oriente","La Capilla",2005,290.04303,3178
"244",15,1560,15401,"Boyacá","Occidente","La Victoria",2005,220.79139,1674
"245",15,1558,15403,"Boyacá","Norte","La Uvita",2005,193.16695,3621
"246",15,1567,15407,"Boyacá","Ricaurte","Villa de Leyva",2005,615.49937,12032
"247",15,1554,15425,"Boyacá","Neira","Macanal",2005,451.30266,4705
"248",15,1560,15442,"Boyacá","Occidente","Maripí",2005,1574.2212,7914
"249",15,1543,15455,"Boyacá","Lengupa","Miraflores",2005,666.51239,9661
"250",15,1580,15464,"Boyacá","Sugamuxi","Mongua",2005,485.90773,5264
"251",15,1580,15466,"Boyacá","Sugamuxi","Monguí",2005,325.59519,5002
"252",15,1567,15469,"Boyacá","Ricaurte","Moniquirá",2005,1835.1878,21852
"253",15,1521,15476,"Boyacá","Centro","Motavita",2005,1062.2119,6772
"254",15,1560,15480,"Boyacá","Occidente","Muzo",2005,988.08343,10237
"255",15,1580,15491,"Boyacá","Sugamuxi","Nobsa",2005,576.11242,15194
"256",15,1549,15494,"Boyacá","Marquez","Nuevo Colón",2005,697.20649,6075
"257",15,1521,15500,"Boyacá","Centro","Oicatá",2005,199.30657,2822
"258",15,1560,15507,"Boyacá","Occidente","Otanche",2005,1717.0683,10463
"259",15,1554,15511,"Boyacá","Neira","Pachavita",2005,333.75938,3102
"260",15,1543,15514,"Boyacá","Lengupa","Páez",2005,456.63089,3369
"261",15,1589,15516,"Boyacá","Tundama","Paipa",2005,1411.7012,27766
"262",15,1542,15518,"Boyacá","La libertad","Pajarito",2005,238.5324,2410
"263",15,1540,15522,"Boyacá","Gutierrez","Panqueba",2005,106.5668,1859
"264",15,1560,15531,"Boyacá","Occidente","Pauna",2005,1831.2547,10338
"265",15,1542,15533,"Boyacá","La libertad","Paya",2005,740.91384,2648
"266",15,1593,15537,"Boyacá","Valderrama","Paz de Río",2005,207.09054,5258
"267",15,1580,15542,"Boyacá","Sugamuxi","Pesca",2005,916.21446,9762
"268",15,1542,15550,"Boyacá","La libertad","Pisba",2005,334.94118,1533
"269",15,1560,15572,"Boyacá","Occidente","Puerto Boyacá",2005,7471.7709,50301
"270",15,1560,15580,"Boyacá","Occidente","Quípama",2005,989.61786,8793
"271",15,1549,15599,"Boyacá","Marquez","Ramiriquí",2005,1081.9058,10789
"272",15,1567,15600,"Boyacá","Ricaurte","Ráquira",2005,1805.3343,12522
"273",15,1549,15621,"Boyacá","Marquez","Rondón",2005,411.07015,3011
"274",15,1560,15632,"Boyacá","Occidente","Saboyá",2005,1633.2013,12957
"275",15,1567,15638,"Boyacá","Ricaurte","Sáchica",2005,616.75569,3868
"276",15,1521,15646,"Boyacá","Centro","Samacá",2005,2285.3196,17614
"277",15,1543,15660,"Boyacá","Lengupa","San Eduardo",2005,141.18081,1924
"278",15,1567,15664,"Boyacá","Ricaurte","San José de Pare",2005,796.95924,5719
"279",15,1554,15667,"Boyacá","Neira","San Luis de Gaceno",2005,877.8042,6383
"280",15,1558,15673,"Boyacá","Norte","San Mateo",2005,286.49182,4790
"281",15,1560,15676,"Boyacá","Occidente","San Miguel de Sema",2005,504.30283,4612
"282",15,1560,15681,"Boyacá","Occidente","San Pablo de Borbur",2005,1803.9631,10924
"283",15,1567,15686,"Boyacá","Ricaurte","Santana",2005,1058.7831,7853
"284",15,1554,15690,"Boyacá","Neira","Santa María",2005,500.26158,4635
"285",15,1589,15693,"Boyacá","Tundama","Santa Rosa de Viterbo",2005,601.73381,13249
"286",15,1567,15696,"Boyacá","Ricaurte","Santa Sofía",2005,387.12728,3121
"287",15,1558,15720,"Boyacá","Norte","Sativanorte",2005,163.04346,2775
"288",15,1558,15723,"Boyacá","Norte","Sativasur",2005,45.667583,1351
"289",15,1521,15740,"Boyacá","Centro","Siachoque",2005,1190.6158,8894
"290",15,1558,15753,"Boyacá","Norte","Soatá",2005,311.37922,9313
"291",15,1593,15755,"Boyacá","Valderrama","Socotá",2005,1915.8223,10295
"292",15,1593,15757,"Boyacá","Valderrama","Socha",2005,479.39544,7593
"293",15,1580,15759,"Boyacá","Sugamuxi","Sogamoso",2005,4290.6101,117105
"294",15,1562,15761,"Boyacá","Oriente","Somondoco",2005,169.72377,4359
"295",15,1521,15762,"Boyacá","Centro","Sora",2005,420.5216,2976
"296",15,1521,15763,"Boyacá","Centro","Sotaquirá",2005,1263.4412,8966
"297",15,1521,15764,"Boyacá","Centro","Soracá",2005,1021.3005,5945
"298",15,1558,15774,"Boyacá","Norte","Susacón",2005,284.14027,3698
"299",15,1567,15776,"Boyacá","Ricaurte","Sutamarchán",2005,550.15495,6120
"300",15,1562,15778,"Boyacá","Oriente","Sutatenza",2005,285.58275,4566
"301",15,1593,15790,"Boyacá","Valderrama","Tasco",2005,727.3009,6925
"302",15,1562,15798,"Boyacá","Oriente","Tenza",2005,290.28891,4651
"303",15,1549,15804,"Boyacá","Marquez","Tibaná",2005,1008.3815,9711
"304",15,1580,15806,"Boyacá","Sugamuxi","Tibasosa",2005,1340.9784,12626
"305",15,1567,15808,"Boyacá","Ricaurte","Tinjacá",2005,280.73005,2939
"306",15,1558,15810,"Boyacá","Norte","Tipacoque",2005,350.45458,3855
"307",15,1521,15814,"Boyacá","Centro","Toca",2005,726.27152,10561
"308",15,1567,15816,"Boyacá","Ricaurte","Togüí",2005,803.21309,5229
"309",15,1580,15820,"Boyacá","Sugamuxi","Tópaga",2005,200.76843,3683
"310",15,1580,15822,"Boyacá","Sugamuxi","Tota",2005,939.94901,5676
"311",15,1560,15832,"Boyacá","Occidente","Tununguá",2005,162.73969,1620
"312",15,1549,15835,"Boyacá","Marquez","Turmequé",2005,722.5229,7582
"313",15,1521,15837,"Boyacá","Centro","Tuta",2005,902.94321,8984
"314",15,1589,15839,"Boyacá","Tundama","Tutazá",2005,247.2913,2254
"315",15,1549,15842,"Boyacá","Marquez","Umbita",2005,1020.2594,10105
"316",15,1521,15861,"Boyacá","Centro","Ventaquemada",2005,1510.2075,14404
"317",15,1549,15879,"Boyacá","Marquez","Viracachá",2005,345.86032,3477
"318",15,1543,15897,"Boyacá","Lengupa","Zetaquira",2005,351.89482,5171
"319",17,1721,17001,"Caldas","Centro","Manizales",2005,16967.373,379794
"320",17,1758,17013,"Caldas","Norte","Aguadas",2005,3187.5007,24308
"321",17,1713,17042,"Caldas","Bajo occidente","Anserma",2005,3568.0382,35097
"322",17,1758,17050,"Caldas","Norte","Aranzazu",2005,1211.9005,12815
"323",17,1713,17088,"Caldas","Bajo occidente","Belalcázar",2005,1402.6317,11872
"324",17,1721,17174,"Caldas","Centro","Chinchiná",2005,3577.8686,53507
"325",17,1703,17272,"Caldas","Alto occidente","Filadelfia",2005,1847.8266,12737
"326",17,1762,17380,"Caldas","Oriente","La Dorada",2005,6714.087,72936
"327",17,1703,17388,"Caldas","Alto occidente","La Merced",2005,585.51926,6752
"328",17,1704,17433,"Caldas","Alto oriente","Manzanares",2005,2595.9042,25104
"329",17,1703,17442,"Caldas","Alto occidente","Marmato",2005,831.7082,8455
"330",17,1704,17444,"Caldas","Alto oriente","Marquetalia",2005,1739.1379,14798
"331",17,1704,17446,"Caldas","Alto oriente","Marulanda",2005,423.94281,3489
"332",17,1721,17486,"Caldas","Centro","Neira",2005,3714.3393,28140
"333",17,1762,17495,"Caldas","Oriente","Norcasia",2005,722.97673,6903
"334",17,1758,17513,"Caldas","Norte","Pácora",2005,1022.1407,15196
"335",17,1721,17524,"Caldas","Centro","Palestina",2005,1884.9693,18037
"336",17,1704,17541,"Caldas","Alto oriente","Pensilvania",2005,3848.968,26426
"337",17,1703,17614,"Caldas","Alto occidente","Riosucio",2005,6623.9495,54537
"338",17,1713,17616,"Caldas","Bajo occidente","Risaralda",2005,1064.299,10679
"339",17,1758,17653,"Caldas","Norte","Salamina",2005,2124.7135,20288
"340",17,1762,17662,"Caldas","Oriente","Samaná",2005,3969.2392,25649
"341",17,1713,17665,"Caldas","Bajo occidente","San José",2005,1037.6071,7572
"342",17,1703,17777,"Caldas","Alto occidente","Supía",2005,2356.8299,24847
"343",17,1762,17867,"Caldas","Oriente","Victoria",2005,927.0425,9165
"344",17,1721,17873,"Caldas","Centro","Villamaría",2005,3304.8005,46324
"345",17,1713,17877,"Caldas","Bajo occidente","Viterbo",2005,760.1599,13159
"346",18,1818,18001,"Caquetá","Caquetá","Florencia",2005,14520.312,144052
"347",18,1818,18029,"Caquetá","Caquetá","Albania",2005,898.43437,6394
"348",18,1818,18094,"Caquetá","Caquetá","Belén de Los Andaquies",2005,1565.7929,11081
"349",18,1818,18150,"Caquetá","Caquetá","Cartagena del Chairá",2005,7400.0338,28678
"350",18,1818,18205,"Caquetá","Caquetá","Curillo",2005,2160.6746,11121
"351",18,1818,18247,"Caquetá","Caquetá","El Doncello",2005,2929.1789,21547
"352",18,1818,18256,"Caquetá","Caquetá","El Paujil",2005,3675.6486,17634
"353",18,1818,18410,"Caquetá","Caquetá","La Montañita",2005,6481.978,22181
"354",18,1818,18460,"Caquetá","Caquetá","Milán",2005,2301.2137,11487
"355",18,1818,18479,"Caquetá","Caquetá","Morelia",2005,696.28808,3718
"356",18,1818,18592,"Caquetá","Caquetá","Puerto Rico",2005,5997.7097,32408
"357",18,1818,18610,"Caquetá","Caquetá","San José del Fragua",2005,2471.3014,13882
"358",18,1818,18753,"Caquetá","Caquetá","San Vicente del Caguán",2005,12490.887,56674
"359",18,1818,18756,"Caquetá","Caquetá","Solano",2005,4749.2293,19427
"360",18,1818,18785,"Caquetá","Caquetá","Solita",2005,1898.6407,9134
"361",18,1818,18860,"Caquetá","Caquetá","Valparaíso",2005,2350.3773,11100
"362",19,1921,19001,"Cauca","Centro","Popayán",2005,17157.562,257405
"363",19,1982,19022,"Cauca","Sur","Almaguer",2005,5211.7317,20463
"364",19,1982,19050,"Cauca","Sur","Argelia",2005,9402.4119,24538
"365",19,1982,19075,"Cauca","Sur","Balboa",2005,5467.1295,23602
"366",19,1982,19100,"Cauca","Sur","Bolívar",2005,9758.4587,43978
"367",19,1958,19110,"Cauca","Norte","Buenos Aires",2005,5080.8058,26961
"368",19,1921,19130,"Cauca","Centro","Cajibío",2005,7940.3129,34706
"369",19,1962,19137,"Cauca","Oriente","Caldono",2005,6171.888,30906
"370",19,1958,19142,"Cauca","Norte","Caloto(1)(3)",2005,4473.9243,36921
"371",19,1958,19212,"Cauca","Norte","Corinto",2005,4266.6171,28310
"372",19,1921,19256,"Cauca","Centro","El Tambo",2005,8192.4989,45804
"373",19,1982,19290,"Cauca","Sur","Florencia",2005,1306.7432,6028
"374",19,1982,19300,"Cauca","Sur","Guachené (1)",2005,NA,0
"375",19,1960,19318,"Cauca","Occidente","Guapi",2005,6079.9411,28663
"376",19,1962,19355,"Cauca","Oriente","Inzá",2005,5662.3165,26989
"377",19,1962,19364,"Cauca","Oriente","Jambaló",2005,3640.4024,14625
"378",19,1921,19392,"Cauca","Centro","La Sierra",2005,1662.2403,10937
"379",19,1982,19397,"Cauca","Sur","La Vega",2005,5968.9286,38435
"380",19,1960,19418,"Cauca","Occidente","López",2005,2165.6484,19326
"381",19,1982,19450,"Cauca","Sur","Mercaderes",2005,2939.5304,17702
"382",19,1958,19455,"Cauca","Norte","Miranda",2005,3982.2025,33245
"383",19,1921,19473,"Cauca","Centro","Morales",2005,4872.1949,24391
"384",19,1958,19513,"Cauca","Norte","Padilla",2005,741.37383,8336
"385",19,1962,19517,"Cauca","Oriente","Paez",2005,6956.533,31800
"386",19,1982,19532,"Cauca","Sur","Patía",2005,2933.0836,33195
"387",19,1982,19533,"Cauca","Sur","Piamonte",2005,1225.0473,7083
"388",19,1921,19548,"Cauca","Centro","Piendamó",2005,4367.5545,35804
"389",19,1958,19573,"Cauca","Norte","Puerto Tejada",2005,3242.8192,44324
"390",19,1962,19585,"Cauca","Oriente","Puracé",2005,3012.0209,14970
"391",19,1921,19622,"Cauca","Centro","Rosas",2005,1703.9291,12666
"392",19,1982,19693,"Cauca","Sur","San Sebastián",2005,2374.9281,12820
"393",19,1958,19698,"Cauca","Norte","Santander de Quilichao",2005,7090.723,80282
"394",19,1982,19701,"Cauca","Sur","Santa Rosa",2005,1991.5996,9579
"395",19,1962,19743,"Cauca","Oriente","Silvia",2005,6070.0052,30960
"396",19,1921,19760,"Cauca","Centro","Sotara",2005,2225.0053,15696
"397",19,1958,19780,"Cauca","Norte","Suárez",2005,3286.3325,19244
"398",19,1982,19785,"Cauca","Sur","Sucre",2005,1978.4299,8955
"399",19,1921,19807,"Cauca","Centro","Timbío",2005,3037.9478,30028
"400",19,1960,19809,"Cauca","Occidente","Timbiquí",2005,6356.0427,20885
"401",19,1962,19821,"Cauca","Oriente","Toribio",2005,6575.1669,26512
"402",19,1962,19824,"Cauca","Oriente","Totoró",2005,3655.0518,17430
"403",19,1958,19845,"Cauca","Norte","Villa Rica",2005,1421.8311,14326
"404",20,2058,20001,"Cesar","Norte","Valledupar",2005,47960.229,354582
"405",20,2082,20011,"Cesar","Sur","Aguachica",2005,9861.3946,82346
"406",20,2058,20013,"Cesar","Norte","Agustín Codazzi",2005,7921.4295,53969
"407",20,2057,20032,"Cesar","Noroccidental","Astrea",2005,3012.6999,18394
"408",20,2020,20045,"Cesar","Central","Becerril",2005,2120.677,13941
"409",20,2057,20060,"Cesar","Noroccidental","Bosconia",2005,4974.962,30885
"410",20,2020,20175,"Cesar","Central","Chimichagua",2005,5397.9454,30993
"411",20,2020,20178,"Cesar","Central","Chiriguaná",2005,2470.6631,22146
"412",20,2020,20228,"Cesar","Central","Curumaní",2005,3918.2989,27560
"413",20,2057,20238,"Cesar","Noroccidental","El Copey",2005,3904.066,24971
"414",20,2057,20250,"Cesar","Noroccidental","El Paso",2005,3593.7851,20808
"415",20,2082,20295,"Cesar","Sur","Gamarra",2005,1748.4072,14472
"416",20,2082,20310,"Cesar","Sur","González",2005,2288.6968,9252
"417",20,2082,20383,"Cesar","Sur","La Gloria",2005,2026.1631,14586
"418",20,2020,20400,"Cesar","Central","La Jagua de Ibirico",2005,1901.9403,22082
"419",20,2058,20443,"Cesar","Norte","Manaure",2005,615.93338,11317
"420",20,2020,20517,"Cesar","Central","Pailitas",2005,1778.4845,15902
"421",20,2082,20550,"Cesar","Sur","Pelaya",2005,2088.4034,16561
"422",20,2058,20570,"Cesar","Norte","Pueblo Bello",2005,5712.2104,17228
"423",20,2082,20614,"Cesar","Sur","Río de Oro",2005,1889.3743,14406
"424",20,2058,20621,"Cesar","Norte","La Paz",2005,1544.9387,21874
"425",20,2082,20710,"Cesar","Sur","San Alberto",2005,3078.3881,20018
"426",20,2058,20750,"Cesar","Norte","San Diego",2005,1343.4779,13772
"427",20,2082,20770,"Cesar","Sur","San Martín",2005,3104.8068,17312
"428",20,2020,20787,"Cesar","Central","Tamalameque",2005,1590.7292,14046
"429",23,2321,23001,"Córdoba","Centro","Montería",2005,30794.223,379094
"430",23,2374,23068,"Córdoba","San jorge","Ayapel",2005,6310.6633,42542
"431",23,2374,23079,"Córdoba","San jorge","Buenavista",2005,1725.714,19011
"432",23,2327,23090,"Córdoba","Costanera","Canalete",2005,2562.336,17315
"433",23,2377,23162,"Córdoba","Sinú medio","Cereté",2005,3729.7687,83928
"434",23,2314,23168,"Córdoba","Bajo sinú","Chimá (1) (3)",2005,946.59706,13639
"435",23,2373,23182,"Córdoba","Sabanas","Chinú",2005,3131.3542,43274
"436",23,2377,23189,"Córdoba","Sinú medio","Ciénaga de Oro",2005,5398.7933,53145
"437",23,2314,23300,"Córdoba","Bajo sinú","Cotorra",2005,1015.8838,15113
"438",23,2374,23350,"Córdoba","San jorge","La Apartada",2005,1516.0815,12702
"439",23,2314,23417,"Córdoba","Bajo sinú","Lorica",2005,9419.5192,110316
"440",23,2327,23419,"Córdoba","Costanera","Los Córdobas",2005,2466.4665,17837
"441",23,2314,23464,"Córdoba","Bajo sinú","Momil",2005,792.9357,14092
"442",23,2374,23466,"Córdoba","San jorge","Montelíbano(1)(3)",2005,7210.6604,73258
"443",23,2327,23500,"Córdoba","Costanera","Moñitos",2005,2705.9506,23597
"444",23,2374,23555,"Córdoba","San jorge","Planeta Rica",2005,8330.8322,61692
"445",23,2374,23570,"Córdoba","San jorge","Pueblo Nuevo",2005,3444.9296,31536
"446",23,2327,23574,"Córdoba","Costanera","Puerto Escondido",2005,2681.2836,21786
"447",23,2374,23580,"Córdoba","San jorge","Puerto Libertador",2005,6613.6028,35186
"448",23,2314,23586,"Córdoba","Bajo sinú","Purísima",2005,1028.7403,14677
"449",23,2373,23660,"Córdoba","Sabanas","Sahagún",2005,9301.3541,87556
"450",23,2373,23670,"Córdoba","Sabanas","San Andrés Sotavento (1) (3)",2005,13102.308,63147
"451",23,2327,23672,"Córdoba","Costanera","San Antero",2005,2044.1927,26123
"452",23,2327,23675,"Córdoba","Costanera","San Bernardo del Viento",2005,2724.255,31405
"453",23,2377,23678,"Córdoba","Sinú medio","San Carlos",2005,2548.2114,23622
"454",23,2377,23682,"Córdoba","Sinú medio","San José de Uré(1)",2005,NA,0
"455",23,2377,23686,"Córdoba","Sinú medio","San Pelayo",2005,2535.5718,39260
"456",23,2305,23807,"Córdoba","Alto sinú","Tierralta",2005,17337.862,78680
"457",23,2305,23815,"Córdoba","Alto sinú","Tuchín (1) (5)",2005,NA,0
"458",23,2305,23855,"Córdoba","Alto sinú","Valencia",2005,7584.4884,34373
"459",25,2502,25001,"Cundinamarca","Alto magdalena","Agua de Dios",2005,651.85562,11822
"460",25,2536,25019,"Cundinamarca","Gualiva","Albán",2005,341.47814,5952
"461",25,2587,25035,"Cundinamarca","Tequendama","Anapoima",2005,686.32189,11503
"462",25,2587,25040,"Cundinamarca","Tequendama","Anolaima",2005,797.94648,13310
"463",25,2581,25053,"Cundinamarca","Sumapaz","Arbeláez",2005,1174.8847,11806
"464",25,2545,25086,"Cundinamarca","Magdalena centro","Beltrán",2005,168.34969,1947
"465",25,2545,25095,"Cundinamarca","Magdalena centro","Bituima",2005,162.01217,2657
"466",25,2572,25099,"Cundinamarca","Sabana occidente","Bojacá",2005,471.84959,8879
"467",25,2581,25120,"Cundinamarca","Sumapaz","Cabrera",2005,480.31188,4684
"468",25,2587,25123,"Cundinamarca","Tequendama","Cachipay",2005,789.16922,9995
"469",25,2571,25126,"Cundinamarca","Sabana centro","Cajicá",2005,1978.7662,45391
"470",25,2512,25148,"Cundinamarca","Bajo magdalena","Caparrapí",2005,1627.8512,16483
"471",25,2562,25151,"Cundinamarca","Oriente","Caqueza",2005,953.91716,16442
"472",25,2590,25154,"Cundinamarca","Ubaté","Carmen de Carupa",2005,1324.2105,8491
"473",25,2545,25168,"Cundinamarca","Magdalena centro","Chaguaní",2005,375.04875,4101
"474",25,2571,25175,"Cundinamarca","Sabana centro","Chía",2005,2465.778,97907
"475",25,2562,25178,"Cundinamarca","Oriente","Chipaque",2005,727.75919,8395
"476",25,2562,25181,"Cundinamarca","Oriente","Choachí",2005,791.05588,11165
"477",25,2501,25183,"Cundinamarca","Almeidas","Chocontá",2005,1836.6216,19512
"478",25,2571,25200,"Cundinamarca","Sabana centro","Cogua",2005,850.85197,18276
"479",25,2572,25214,"Cundinamarca","Sabana occidente","Cota",2005,940.17067,19909
"480",25,2590,25224,"Cundinamarca","Ubaté","Cucunubá",2005,869.05867,7013
"481",25,2587,25245,"Cundinamarca","Tequendama","El Colegio",2005,1176.4186,20430
"482",25,2570,25258,"Cundinamarca","Rio negro","El Peñón",2005,493.27744,4977
"483",25,2572,25260,"Cundinamarca","Sabana occidente","El Rosal",2005,977.96606,13502
"484",25,2572,25269,"Cundinamarca","Sabana occidente","Facatativá",2005,5347.6275,107463
"485",25,2562,25279,"Cundinamarca","Oriente","Fomeque",2005,978.63728,12157
"486",25,2562,25281,"Cundinamarca","Oriente","Fosca",2005,1023.3945,6654
"487",25,2572,25286,"Cundinamarca","Sabana occidente","Funza",2005,2932.7156,61391
"488",25,2590,25288,"Cundinamarca","Ubaté","Fúquene",2005,304.14983,5214
"489",25,2581,25290,"Cundinamarca","Sumapaz","Fusagasugá",2005,9482.7031,108949
"490",25,2539,25293,"Cundinamarca","Guavio","Gachala",2005,585.14091,5916
"491",25,2571,25295,"Cundinamarca","Sabana centro","Gachancipá",2005,832.89983,10886
"492",25,2539,25297,"Cundinamarca","Guavio","Gachetá",2005,827.74658,10409
"493",25,2539,25299,"Cundinamarca","Guavio","Gama",2005,490.9438,3873
"494",25,2502,25307,"Cundinamarca","Alto magdalena","Girardot",2005,4923.9342,97889
"495",25,2581,25312,"Cundinamarca","Sumapaz","Granada",2005,739.03317,6876
"496",25,2590,25317,"Cundinamarca","Ubaté","Guachetá",2005,1156.1755,11517
"497",25,2512,25320,"Cundinamarca","Bajo magdalena","Guaduas",2005,2372.1766,31831
"498",25,2539,25322,"Cundinamarca","Guavio","Guasca",2005,660.90784,12442
"499",25,2502,25324,"Cundinamarca","Alto magdalena","Guataquí",2005,182.02555,2489
"500",25,2539,25326,"Cundinamarca","Guavio","Guatavita",2005,584.23223,6685
"501",25,2545,25328,"Cundinamarca","Magdalena centro","Guayabal de Siquima",2005,160.63541,3652
"502",25,2562,25335,"Cundinamarca","Oriente","Guayabetal",2005,448.00311,4780
"503",25,2562,25339,"Cundinamarca","Oriente","Gutiérrez",2005,387.23643,3489
"504",25,2502,25368,"Cundinamarca","Alto magdalena","Jerusalén",2005,266.45971,2723
"505",25,2539,25372,"Cundinamarca","Guavio","Junín",2005,856.87895,8448
"506",25,2539,25377,"Cundinamarca","Guavio","La Calera",2005,1976.3924,23768
"507",25,2587,25386,"Cundinamarca","Tequendama","La Mesa",2005,1530.726,27165
"508",25,2570,25394,"Cundinamarca","Rio negro","La Palma",2005,609.9322,9918
"509",25,2536,25398,"Cundinamarca","Gualiva","La Peña",2005,731.28004,6989
"510",25,2536,25402,"Cundinamarca","Gualiva","La Vega",2005,552.85204,13265
"511",25,2590,25407,"Cundinamarca","Ubaté","Lenguazaque",2005,1321.269,9769
"512",25,2501,25426,"Cundinamarca","Almeidas","Macheta",2005,591.3213,6847
"513",25,2572,25430,"Cundinamarca","Sabana occidente","Madrid",2005,2855.2545,62436
"514",25,2501,25436,"Cundinamarca","Almeidas","Manta",2005,267.73441,4627
"515",25,2550,25438,"Cundinamarca","Medina","Medina",2005,1889.3146,9845
"516",25,2572,25473,"Cundinamarca","Sabana occidente","Mosquera",2005,3490.2587,63237
"517",25,2502,25483,"Cundinamarca","Alto magdalena","Nariño",2005,167.02591,2092
"518",25,2571,25486,"Cundinamarca","Sabana centro","Nemocón",2005,1031.7141,11303
"519",25,2502,25488,"Cundinamarca","Alto magdalena","Nilo",2005,808.6678,14174
"520",25,2536,25489,"Cundinamarca","Gualiva","Nimaima",2005,295.99138,5523
"521",25,2536,25491,"Cundinamarca","Gualiva","Nocaima",2005,322.25026,7734
"522",25,2581,25506,"Cundinamarca","Sumapaz","Venecia",2005,355.78821,3934
"523",25,2570,25513,"Cundinamarca","Rio negro","Pacho",2005,1392.4763,25414
"524",25,2570,25518,"Cundinamarca","Rio negro","Paime",2005,609.35725,5473
"525",25,2581,25524,"Cundinamarca","Sumapaz","Pandi",2005,568.03443,5468
"526",25,2550,25530,"Cundinamarca","Medina","Paratebueno",2005,1159.8668,7416
"527",25,2581,25535,"Cundinamarca","Sumapaz","Pasca",2005,1163.0353,11122
"528",25,2512,25572,"Cundinamarca","Bajo magdalena","Puerto Salgar",2005,1260.208,15519
"529",25,2545,25580,"Cundinamarca","Magdalena centro","Pulí",2005,215.15993,2945
"530",25,2536,25592,"Cundinamarca","Gualiva","Quebradanegra",2005,419.4908,4691
"531",25,2562,25594,"Cundinamarca","Oriente","Quetame",2005,609.40429,6570
"532",25,2587,25596,"Cundinamarca","Tequendama","Quipile",2005,572.07001,8217
"533",25,2587,25599,"Cundinamarca","Tequendama","Apulo",2005,654.36271,7822
"534",25,2502,25612,"Cundinamarca","Alto magdalena","Ricaurte",2005,465.50385,8145
"535",25,2587,25645,"Cundinamarca","Tequendama","San Antonio del Tequendama",2005,853.68473,12374
"536",25,2581,25649,"Cundinamarca","Sumapaz","San Bernardo",2005,1030.8702,10334
"537",25,2570,25653,"Cundinamarca","Rio negro","San Cayetano",2005,591.56253,5276
"538",25,2536,25658,"Cundinamarca","Gualiva","San Francisco",2005,773.9328,8304
"539",25,2545,25662,"Cundinamarca","Magdalena centro","San Juan de Río Seco",2005,617.92514,9792
"540",25,2536,25718,"Cundinamarca","Gualiva","Sasaima",2005,481.93215,10205
"541",25,2501,25736,"Cundinamarca","Almeidas","Sesquilé",2005,750.10519,9817
"542",25,2578,25740,"Cundinamarca","Soacha","Sibaté",2005,2439.8651,31675
"543",25,2581,25743,"Cundinamarca","Sumapaz","Silvania",2005,1935.7535,21392
"544",25,2590,25745,"Cundinamarca","Ubaté","Simijaca",2005,613.59512,11017
"545",25,2578,25754,"Cundinamarca","Soacha","Soacha",2005,31158.348,401996
"546",25,2571,25758,"Cundinamarca","Sabana centro","Sopó",2005,1035.814,21223
"547",25,2572,25769,"Cundinamarca","Sabana occidente","Subachoque",2005,751.65325,13041
"548",25,2501,25772,"Cundinamarca","Almeidas","Suesca",2005,1137.0286,14242
"549",25,2536,25777,"Cundinamarca","Gualiva","Supatá",2005,450.18186,4952
"550",25,2590,25779,"Cundinamarca","Ubaté","Susa",2005,1163.6002,9782
"551",25,2590,25781,"Cundinamarca","Ubaté","Sutatausa",2005,410.40113,4742
"552",25,2571,25785,"Cundinamarca","Sabana centro","Tabio",2005,1033.2217,20850
"553",25,2590,25793,"Cundinamarca","Ubaté","Tausa",2005,782.11121,7715
"554",25,2587,25797,"Cundinamarca","Tequendama","Tena",2005,479.43787,7569
"555",25,2572,25799,"Cundinamarca","Sabana occidente","Tenjo",2005,1278.4473,18466
"556",25,2581,25805,"Cundinamarca","Sumapaz","Tibacuy",2005,306.50814,4843
"557",25,2501,25807,"Cundinamarca","Almeidas","Tibirita",2005,168.83929,3018
"558",25,2502,25815,"Cundinamarca","Alto magdalena","Tocaima",2005,1736.2371,17196
"559",25,2571,25817,"Cundinamarca","Sabana centro","Tocancipá",2005,1221.219,24154
"560",25,2570,25823,"Cundinamarca","Rio negro","Topaipí",2005,641.08586,4817
"561",25,2539,25839,"Cundinamarca","Guavio","Ubalá",2005,1322.218,11892
"562",25,2562,25841,"Cundinamarca","Oriente","Ubaque",2005,652.09618,6879
"563",25,2590,25843,"Cundinamarca","Ubaté","Villa de San Diego de Ubate",2005,2512.1355,36433
"564",25,2562,25845,"Cundinamarca","Oriente","Une",2005,708.73332,8014
"565",25,2536,25851,"Cundinamarca","Gualiva","Útica",2005,284.45831,4941
"566",25,2536,25862,"Cundinamarca","Gualiva","Vergara",2005,678.96378,7730
"567",25,2545,25867,"Cundinamarca","Magdalena centro","Vianí",2005,396.49753,4115
"568",25,2570,25871,"Cundinamarca","Rio negro","Villagómez",2005,192.61766,2183
"569",25,2501,25873,"Cundinamarca","Almeidas","Villapinzón",2005,2169.5035,16573
"570",25,2536,25875,"Cundinamarca","Gualiva","Villeta",2005,1770.6011,24340
"571",25,2587,25878,"Cundinamarca","Tequendama","Viotá",2005,1050.0777,13567
"572",25,2570,25885,"Cundinamarca","Rio negro","Yacopí",2005,2388.8032,16411
"573",25,2572,25898,"Cundinamarca","Sabana occidente","Zipacón",2005,442.13582,5016
"574",25,2571,25899,"Cundinamarca","Sabana centro","Zipaquirá",2005,5379.7899,101562
"575",27,2710,27001,"Chocó","Atrato","Quibdó",2005,15585.574,112909
"576",27,2728,27006,"Chocó","Darien","Acandí",2005,1610.0784,10455
"577",27,2764,27025,"Chocó","Pacifico sur","Alto Baudo",2005,14397.622,28961
"578",27,2710,27050,"Chocó","Atrato","Atrato",2005,3119.0645,7561
"579",27,2710,27073,"Chocó","Atrato","Bagadó",2005,3612.7789,8454
"580",27,2763,27075,"Chocó","Pacifico norte","Bahía Solano",2005,1181.1505,9094
"581",27,2764,27077,"Chocó","Pacifico sur","Bajo Baudó",2005,5660.8997,16375
"582",27,2710,27099,"Chocó","Atrato","Bojaya",2005,3986.7019,9941
"583",27,2775,27135,"Chocó","San juan","El Cantón del San Pablo",2005,3294.0624,6213
"584",27,2728,27150,"Chocó","Darien","Carmen del Darien",2005,2381.2006,5111
"585",27,2775,27160,"Chocó","San juan","Cértegui",2005,2670.0572,9524
"586",27,2775,27205,"Chocó","San juan","Condoto",2005,1646.0047,13098
"587",27,2710,27245,"Chocó","Atrato","El Carmen de Atrato",2005,1941.5226,11849
"588",27,2764,27250,"Chocó","Pacifico sur","El Litoral del San Juan",2005,3312.1061,12244
"589",27,2775,27361,"Chocó","San juan","Istmina",2005,4993.474,23639
"590",27,2763,27372,"Chocó","Pacifico norte","Juradó",2005,2228.9087,3609
"591",27,2710,27413,"Chocó","Atrato","Lloró",2005,2637.1824,10248
"592",27,2710,27425,"Chocó","Atrato","Medio Atrato",2005,9456.7121,21037
"593",27,2764,27430,"Chocó","Pacifico sur","Medio Baudó",2005,4325.9922,11715
"594",27,2775,27450,"Chocó","San juan","Medio San Juan",2005,2277.4479,13027
"595",27,2775,27491,"Chocó","San juan","Nóvita",2005,3275.4797,7867
"596",27,2763,27495,"Chocó","Pacifico norte","Nuquí",2005,1472.0276,7625
"597",27,2775,27580,"Chocó","San juan","Río Iro",2005,2391.9618,8084
"598",27,2710,27600,"Chocó","Atrato","Río Quito",2005,2108.7953,7888
"599",27,2728,27615,"Chocó","Darien","Riosucio(2)",2005,6764.2637,28230
"600",27,2775,27660,"Chocó","San juan","San José del Palmar",2005,1543.5278,5068
"601",27,2775,27745,"Chocó","San juan","Sipí",2005,864.50182,3481
"602",27,2775,27787,"Chocó","San juan","Tadó",2005,2961.8613,18041
"603",27,2728,27800,"Chocó","Darien","Unguía",2005,3456.6201,14544
"604",27,2775,27810,"Chocó","San juan","Unión Panamericana",2005,2651.5432,8161
"605",41,4158,41001,"Huila","Norte","Neiva",2005,23527.326,315999
"606",41,4182,41006,"Huila","Sur","Acevedo",2005,6554.0187,26414
"607",41,4121,41013,"Huila","Centro","Agrado",2005,997.25097,8491
"608",41,4158,41016,"Huila","Norte","Aipe",2005,2614.1724,19793
"609",41,4158,41020,"Huila","Norte","Algeciras",2005,4395.7566,23433
"610",41,4121,41026,"Huila","Centro","Altamira",2005,208.94377,3591
"611",41,4158,41078,"Huila","Norte","Baraya",2005,709.5565,9182
"612",41,4158,41132,"Huila","Norte","Campoalegre",2005,4365.3865,32178
"613",41,4158,41206,"Huila","Norte","Colombia",2005,2511.4934,11196
"614",41,4182,41244,"Huila","Sur","Elías",2005,447.22674,3337
"615",41,4121,41298,"Huila","Centro","Garzón",2005,10561.616,69823
"616",41,4121,41306,"Huila","Centro","Gigante",2005,3631.2701,28132
"617",41,4121,41319,"Huila","Centro","Guadalupe",2005,2910.3135,17577
"618",41,4158,41349,"Huila","Norte","Hobo",2005,1174.5912,6542
"619",41,4158,41357,"Huila","Norte","Iquira",2005,1468.9491,10621
"620",41,4182,41359,"Huila","Sur","Isnos",2005,5271.7833,23699
"621",41,4160,41378,"Huila","Occidente","La Argentina",2005,1703.0897,11592
"622",41,4160,41396,"Huila","Occidente","La Plata",2005,9538.767,52166
"623",41,4160,41483,"Huila","Occidente","Nátaga",2005,805.66852,5838
"624",41,4182,41503,"Huila","Sur","Oporapa",2005,2644.9293,10792
"625",41,4160,41518,"Huila","Occidente","Paicol",2005,537.676,5208
"626",41,4158,41524,"Huila","Norte","Palermo",2005,3084.2144,27202
"627",41,4182,41530,"Huila","Sur","Palestina",2005,2130.6675,10250
"628",41,4121,41548,"Huila","Centro","Pital",2005,2071.6484,12831
"629",41,4182,41551,"Huila","Sur","Pitalito",2005,18024.312,102460
"630",41,4158,41615,"Huila","Norte","Rivera",2005,1979.8545,16689
"631",41,4182,41660,"Huila","Sur","Saladoblanco",2005,2714.9711,10236
"632",41,4182,41668,"Huila","Sur","San Agustín",2005,6084.1715,29680
"633",41,4158,41676,"Huila","Norte","Santa María",2005,1938.0741,10228
"634",41,4121,41770,"Huila","Centro","Suaza",2005,2380.4336,14374
"635",41,4121,41791,"Huila","Centro","Tarqui",2005,3011.5664,15917
"636",41,4160,41797,"Huila","Occidente","Tesalia",2005,762.84118,8872
"637",41,4158,41799,"Huila","Norte","Tello",2005,2312.6955,13565
"638",41,4158,41801,"Huila","Norte","Teruel",2005,1256.4401,8226
"639",41,4182,41807,"Huila","Sur","Timaná",2005,2957.0377,20025
"640",41,4158,41872,"Huila","Norte","Villavieja",2005,828.72163,7376
"641",41,4158,41885,"Huila","Norte","Yaguará",2005,540.00713,7870
"642",44,4458,44001,"La Guajira","Norte","Riohacha",2005,22019.592,167886
"643",44,4458,44035,"La Guajira","Norte","Albania",2005,3315.4923,20815
"644",44,4482,44078,"La Guajira","Sur","Barrancas",2005,3668.1326,26329
"645",44,4458,44090,"La Guajira","Norte","Dibulla",2005,5285.9104,21798
"646",44,4482,44098,"La Guajira","Sur","Distracción",2005,2001.922,11962
"647",44,4482,44110,"La Guajira","Sur","El Molino",2005,1132.7256,7315
"648",44,4482,44279,"La Guajira","Sur","Fonseca",2005,2990.7818,26831
"649",44,4482,44378,"La Guajira","Sur","Hatonuevo",2005,2899.0882,16383
"650",44,4482,44420,"La Guajira","Sur","La Jagua del Pilar",2005,462.05655,2721
"651",44,4458,44430,"La Guajira","Norte","Maicao",2005,23164.53,123768
"652",44,4458,44560,"La Guajira","Norte","Manaure",2005,21731.683,67584
"653",44,4482,44650,"La Guajira","Sur","San Juan del Cesar",2005,4014.3534,33654
"654",44,4458,44847,"La Guajira","Norte","Uribia",2005,62567.037,117601
"655",44,4482,44855,"La Guajira","Sur","Urumita",2005,2485.2888,13349
"656",44,4482,44874,"La Guajira","Sur","Villanueva",2005,2695.5906,23538
"657",47,4776,47001,"Magdalena","Santa marta","Santa Marta",2005,31892.393,415404
"658",47,4758,47030,"Magdalena","Norte","Algarrobo",2005,2600.4682,11778
"659",47,4758,47053,"Magdalena","Norte","Aracataca",2005,6044.8788,35520
"660",47,4721,47058,"Magdalena","Centro","Ariguaní",2005,5501.9041,31047
"661",47,4768,47161,"Magdalena","Rio","Cerro San Antonio",2005,758.55637,8319
"662",47,4721,47170,"Magdalena","Centro","Chivolo",2005,2572.3749,16447
"663",47,4758,47189,"Magdalena","Norte","Ciénaga",2005,12170.119,101987
"664",47,4768,47205,"Magdalena","Rio","Concordia",2005,1232.3614,10244
"665",47,4782,47245,"Magdalena","Sur","El Banco",2005,8257.4054,54855
"666",47,4768,47258,"Magdalena","Rio","El Piñon",2005,2272.8761,17035
"667",47,4758,47268,"Magdalena","Norte","El Retén",2005,2700.82,18809
"668",47,4758,47288,"Magdalena","Norte","Fundación",2005,6917.6119,56997
"669",47,4782,47318,"Magdalena","Sur","Guamal",2005,2562.7301,25508
"670",47,4721,47460,"Magdalena","Centro","Nueva Granada",2005,2838.4837,16134
"671",47,4768,47541,"Magdalena","Rio","Pedraza",2005,1324.1256,8031
"672",47,4782,47545,"Magdalena","Sur","Pijiño del Carmen",2005,1914.3949,14115
"673",47,4768,47551,"Magdalena","Rio","Pivijay",2005,5862.2753,36018
"674",47,4721,47555,"Magdalena","Centro","Plato",2005,5691.0596,49195
"675",47,4758,47570,"Magdalena","Norte","Puebloviejo",2005,4471.5641,24994
"676",47,4768,47605,"Magdalena","Rio","Remolino",2005,1270.773,8751
"677",47,4721,47660,"Magdalena","Centro","Sabanas de San Angel",2005,3322.1108,14895
"678",47,4768,47675,"Magdalena","Rio","Salamina",2005,681.52994,8404
"679",47,4782,47692,"Magdalena","Sur","San Sebastián de Buenavista",2005,1599.3058,17267
"680",47,4782,47703,"Magdalena","Sur","San Zenón",2005,1478.9695,8904
"681",47,4782,47707,"Magdalena","Sur","Santa Ana",2005,3385.5719,23235
"682",47,4782,47720,"Magdalena","Sur","Santa Bárbara de Pinto",2005,1793.7276,11108
"683",47,4768,47745,"Magdalena","Rio","Sitionuevo",2005,3708.2102,26867
"684",47,4721,47798,"Magdalena","Centro","Tenerife",2005,1917.4944,12550
"685",47,4768,47960,"Magdalena","Rio","Zapayán",2005,1406.0586,8642
"686",47,4758,47980,"Magdalena","Norte","Zona Bananera",2005,8261.2477,57004
"687",50,5017,50001,"Meta","Capital","Villavicencio",2005,19783.369,380328
"688",50,5065,50006,"Meta","Piedemonte","Acacías",2005,7032.2373,54230
"689",50,5065,50110,"Meta","Piedemonte","Barranca de Upía",2005,298.33765,3197
"690",50,5069,50124,"Meta","Rio meta","Cabuyaro",2005,377.93489,3660
"691",50,5065,50150,"Meta","Piedemonte","Castilla la Nueva",2005,430.10045,7067
"692",50,5065,50223,"Meta","Piedemonte","Cubarral",2005,471.10455,5152
"693",50,5065,50226,"Meta","Piedemonte","Cumaral",2005,1179.6477,16575
"694",50,5065,50245,"Meta","Piedemonte","El Calvario",2005,324.94931,2288
"695",50,5009,50251,"Meta","Ariari","El Castillo",2005,1025.1801,6875
"696",50,5009,50270,"Meta","Ariari","El Dorado",2005,229.79539,3291
"697",50,5009,50287,"Meta","Ariari","Fuente de Oro",2005,1197.5841,11072
"698",50,5009,50313,"Meta","Ariari","Granada",2005,4695.7982,50172
"699",50,5065,50318,"Meta","Piedemonte","Guamal",2005,426.71436,8897
"700",50,5009,50325,"Meta","Ariari","Mapiripán",2005,3651.7195,13230
"701",50,5009,50330,"Meta","Ariari","Mesetas",2005,1778.2052,10695
"702",50,5009,50350,"Meta","Ariari","La Macarena",2005,3223.3906,24164
"703",50,5009,50370,"Meta","Ariari","Uribe",2005,3032.64,12480
"704",50,5009,50400,"Meta","Ariari","Lejanías",2005,1181.1901,9558
"705",50,5009,50450,"Meta","Ariari","Puerto Concordia",2005,2932.2994,15964
"706",50,5069,50568,"Meta","Rio meta","Puerto Gaitán",2005,4727.4108,17306
"707",50,5069,50573,"Meta","Rio meta","Puerto López",2005,3353.6147,28790
"708",50,5009,50577,"Meta","Ariari","Puerto Lleras",2005,1739.5361,10666
"709",50,5009,50590,"Meta","Ariari","Puerto Rico",2005,2775.752,17368
"710",50,5065,50606,"Meta","Piedemonte","Restrepo",2005,634.46293,10178
"711",50,5065,50680,"Meta","Piedemonte","San Carlos de Guaroa",2005,526.10282,6602
"712",50,5009,50683,"Meta","Ariari","San Juan de Arama",2005,1402.397,9218
"713",50,5065,50686,"Meta","Piedemonte","San Juanito",2005,287.8236,1864
"714",50,5065,50689,"Meta","Piedemonte","San Martín",2005,3019.1889,21350
"715",50,5009,50711,"Meta","Ariari","Vistahermosa",2005,3773.9885,21048
"716",52,5221,52001,"Nariño","Centro","Pasto",2005,28554.762,382422
"717",52,5258,52019,"Nariño","Norte","Albán",2005,2424.0379,19303
"718",52,5282,52022,"Nariño","Sur","Aldana",2005,850.03294,6850
"719",52,5222,52036,"Nariño","Centro occidente","Ancuyá",2005,906.06982,8991
"720",52,5258,52051,"Nariño","Norte","Arboleda",2005,1185.2724,7443
"721",52,5226,52079,"Nariño","Costa","Barbacoas",2005,6857.1902,30270
"722",52,5258,52083,"Nariño","Norte","Belén",2005,403.6731,6587
"723",52,5258,52110,"Nariño","Norte","Buesaco",2005,4294.075,22233
"724",52,5258,52203,"Nariño","Norte","Colón",2005,1334.189,9658
"725",52,5221,52207,"Nariño","Centro","Consaca",2005,1178.0991,10287
"726",52,5282,52210,"Nariño","Sur","Contadero",2005,779.93099,6667
"727",52,5282,52215,"Nariño","Sur","Córdoba",2005,2082.7972,13499
"728",52,5282,52224,"Nariño","Sur","Cuaspud",2005,1257.8917,8101
"729",52,5282,52227,"Nariño","Sur","Cumbal",2005,5210.657,30996
"730",52,5258,52233,"Nariño","Norte","Cumbitara",2005,2733.9225,11425
"731",52,5221,52240,"Nariño","Centro","Chachagüí",2005,1926.3358,12792
"732",52,5226,52250,"Nariño","Costa","El Charco",2005,8491.9852,25733
"733",52,5221,52254,"Nariño","Centro","El Peñol",2005,1042.7935,6851
"734",52,5258,52256,"Nariño","Norte","El Rosario",2005,2467.5369,11368
"735",52,5258,52258,"Nariño","Norte","El Tablón de Gómez",2005,2573.4738,13991
"736",52,5221,52260,"Nariño","Centro","El Tambo",2005,1893.5595,14146
"737",52,5282,52287,"Nariño","Sur","Funes",2005,1109.2438,6991
"738",52,5282,52317,"Nariño","Sur","Guachucal",2005,2189.6906,16837
"739",52,5222,52320,"Nariño","Centro occidente","Guaitarilla",2005,2221.2041,13712
"740",52,5282,52323,"Nariño","Sur","Gualmatán",2005,535.47107,5673
"741",52,5282,52352,"Nariño","Sur","Iles",2005,1164.7587,7836
"742",52,5282,52354,"Nariño","Sur","Imués",2005,863.69949,7492
"743",52,5282,52356,"Nariño","Sur","Ipiales",2005,13185.303,109127
"744",52,5258,52378,"Nariño","Norte","La Cruz",2005,2242.4672,17630
"745",52,5221,52381,"Nariño","Centro","La Florida",2005,1778.8924,11423
"746",52,5222,52385,"Nariño","Centro occidente","La Llanada",2005,933.87592,6544
"747",52,5226,52390,"Nariño","Costa","La Tola",2005,1666.3933,8408
"748",52,5258,52399,"Nariño","Norte","La Unión",2005,4057.1073,27914
"749",52,5258,52405,"Nariño","Norte","Leiva",2005,2779.7951,11785
"750",52,5222,52411,"Nariño","Centro occidente","Linares",2005,1664.0658,11821
"751",52,5222,52418,"Nariño","Centro occidente","Los Andes",2005,2847.1937,16249
"752",52,5226,52427,"Nariño","Costa","Magüi",2005,5575.4043,16394
"753",52,5222,52435,"Nariño","Centro occidente","Mallama",2005,1369.867,9286
"754",52,5226,52473,"Nariño","Costa","Mosquera",2005,3031.3296,11995
"755",52,5221,52480,"Nariño","Centro","Nariño",2005,392.56535,4183
"756",52,5226,52490,"Nariño","Costa","Olaya Herrera",2005,9193.8989,27359
"757",52,5222,52506,"Nariño","Centro occidente","Ospina",2005,1333.4988,8221
"758",52,5226,52520,"Nariño","Costa","Francisco Pizarro",2005,2063.2336,11029
"759",52,5258,52540,"Nariño","Norte","Policarpa",2005,2899.683,13785
"760",52,5282,52560,"Nariño","Sur","Potosí",2005,2260.0489,13152
"761",52,5222,52565,"Nariño","Centro occidente","Providencia",2005,4260.8764,11699
"762",52,5282,52573,"Nariño","Sur","Puerres",2005,712.56087,8979
"763",52,5282,52585,"Nariño","Sur","Pupiales",2005,1973.7848,18404
"764",52,5222,52612,"Nariño","Centro occidente","Ricaurte",2005,3816.7639,14904
"765",52,5226,52621,"Nariño","Costa","Roberto Payán",2005,5300.7924,16892
"766",52,5222,52678,"Nariño","Centro occidente","Samaniego",2005,12345.137,50437
"767",52,5221,52683,"Nariño","Centro","Sandoná",2005,3670.2515,25220
"768",52,5258,52685,"Nariño","Norte","San Bernardo",2005,3344.8933,14261
"769",52,5258,52687,"Nariño","Norte","San Lorenzo",2005,3500.3667,18398
"770",52,5258,52693,"Nariño","Norte","San Pablo",2005,2498.8205,18103
"771",52,5258,52694,"Nariño","Norte","San Pedro de Cartago",2005,1362.5338,7051
"772",52,5226,52696,"Nariño","Costa","Santa Bárbara",2005,3432.0345,15332
"773",52,5222,52699,"Nariño","Centro occidente","Santacruz",2005,3808.4227,20670
"774",52,5222,52720,"Nariño","Centro occidente","Sapuyes",2005,1107.4343,7473
"775",52,5258,52786,"Nariño","Norte","Taminango",2005,2185.7046,17218
"776",52,5221,52788,"Nariño","Centro","Tangua",2005,1872.5254,10892
"777",52,5226,52835,"Nariño","Costa","San Andres de Tumaco",2005,30137.585,159955
"778",52,5222,52838,"Nariño","Centro occidente","Túquerres",2005,6507.1747,41380
"779",52,5221,52885,"Nariño","Centro","Yacuanquer",2005,1401.1956,9965
"780",54,5461,54001,"Norte de Santander","Oriental","Cúcuta",2005,59762.262,587567
"781",54,5460,54003,"Norte de Santander","Occidente","Abrego",2005,6144.5256,34492
"782",54,5421,54051,"Norte de Santander","Centro","Arboledas",2005,1603.5348,9270
"783",54,5484,54099,"Norte de Santander","Sur oriente","Bochalema",2005,606.18107,6583
"784",54,5458,54109,"Norte de Santander","Norte","Bucarasica",2005,1156.8867,4561
"785",54,5483,54125,"Norte de Santander","Sur occidente","Cácota",2005,295.54712,2583
"786",54,5460,54128,"Norte de Santander","Occidente","Cachirá",2005,1993.5378,10619
"787",54,5484,54172,"Norte de Santander","Sur oriente","Chinácota",2005,1555.194,14784
"788",54,5483,54174,"Norte de Santander","Sur occidente","Chitagá",2005,1792.013,10179
"789",54,5460,54206,"Norte de Santander","Occidente","Convención",2005,2867.1189,16605
"790",54,5421,54223,"Norte de Santander","Centro","Cucutilla",2005,1068.2085,8447
"791",54,5484,54239,"Norte de Santander","Sur oriente","Durania",2005,405.55026,4289
"792",54,5460,54245,"Norte de Santander","Occidente","El Carmen",2005,2712.2605,16377
"793",54,5458,54250,"Norte de Santander","Norte","El Tarra",2005,3309.8047,10772
"794",54,5461,54261,"Norte de Santander","Oriental","El Zulia",2005,3021.833,20309
"795",54,5421,54313,"Norte de Santander","Centro","Gramalote",2005,646.5776,6329
"796",54,5460,54344,"Norte de Santander","Occidente","Hacarí",2005,2701.6684,10121
"797",54,5484,54347,"Norte de Santander","Sur oriente","Herrán",2005,874.52405,4501
"798",54,5484,54377,"Norte de Santander","Sur oriente","Labateca",2005,674.42544,5852
"799",54,5460,54385,"Norte de Santander","Occidente","La Esperanza",2005,2734.9039,10953
"800",54,5460,54398,"Norte de Santander","Occidente","La Playa",2005,1621.3515,8395
"801",54,5461,54405,"Norte de Santander","Oriental","Los Patios",2005,5350.3619,67239
"802",54,5421,54418,"Norte de Santander","Centro","Lourdes",2005,582.18859,3448
"803",54,5483,54480,"Norte de Santander","Sur occidente","Mutiscua",2005,342.10552,3907
"804",54,5460,54498,"Norte de Santander","Occidente","Ocaña",2005,7022.5285,90528
"805",54,5483,54518,"Norte de Santander","Sur occidente","Pamplona",2005,2039.0771,53158
"806",54,5483,54520,"Norte de Santander","Sur occidente","Pamplonita",2005,561.38807,4792
"807",54,5461,54553,"Norte de Santander","Oriental","Puerto Santander",2005,1916.4214,8720
"808",54,5484,54599,"Norte de Santander","Sur oriente","Ragonvalia",2005,1097.9912,6800
"809",54,5421,54660,"Norte de Santander","Centro","Salazar",2005,1294.4798,9451
"810",54,5460,54670,"Norte de Santander","Occidente","San Calixto",2005,2990.159,12581
"811",54,5461,54673,"Norte de Santander","Oriental","San Cayetano",2005,280.65659,4493
"812",54,5421,54680,"Norte de Santander","Centro","Santiago",2005,364.13584,2679
"813",54,5458,54720,"Norte de Santander","Norte","Sardinata",2005,3886.7338,22733
"814",54,5483,54743,"Norte de Santander","Sur occidente","Silos",2005,874.07505,5284
"815",54,5460,54800,"Norte de Santander","Occidente","Teorama",2005,3977.3618,17523
"816",54,5458,54810,"Norte de Santander","Norte","Tibú",2005,8596.6193,34773
"817",54,5484,54820,"Norte de Santander","Sur oriente","Toledo",2005,2264.5716,17272
"818",54,5421,54871,"Norte de Santander","Centro","Villa Caro",2005,1187.0872,5044
"819",54,5461,54874,"Norte de Santander","Oriental","Villa del Rosario",2005,5942.6958,69848
"820",63,6317,63001,"Quindio","Capital","Armenia",2005,16728.205,280881
"821",63,6317,63111,"Quindio","Capital","Buenavista",2005,271.17023,3094
"822",63,6317,63130,"Quindio","Capital","Calarca",2005,5324.0805,73720
"823",63,6358,63190,"Quindio","Norte","Circasia",2005,1802.6977,27443
"824",63,6325,63212,"Quindio","Cordilleranos","Córdoba",2005,703.90019,5449
"825",63,6333,63272,"Quindio","Fria","Filandia",2005,1264.4441,12930
"826",63,6325,63302,"Quindio","Cordilleranos","Génova",2005,1266.1754,9628
"827",63,6394,63401,"Quindio","Valle","La Tebaida",2005,3098.809,33501
"828",63,6394,63470,"Quindio","Valle","Montenegro",2005,4013.5066,39871
"829",63,6325,63548,"Quindio","Cordilleranos","Pijao",2005,614.95496,6683
"830",63,6394,63594,"Quindio","Valle","Quimbaya",2005,3884.2978,34060
"831",63,6333,63690,"Quindio","Fria","Salento",2005,649.40753,7246
"832",66,6691,66001,"Risaralda","Uno - vertiente oriental","Pereira",2005,26525.281,443442
"833",66,6632,66045,"Risaralda","Dos - vertiente occidental","Apía",2005,1866.3131,17505
"834",66,6632,66075,"Risaralda","Dos - vertiente occidental","Balboa",2005,517.78506,6355
"835",66,6632,66088,"Risaralda","Dos - vertiente occidental","Belén de Umbría",2005,3564.6303,27727
"836",66,6691,66170,"Risaralda","Uno - vertiente oriental","Dosquebradas",2005,12916.73,179282
"837",66,6632,66318,"Risaralda","Dos - vertiente occidental","Guática",2005,1851.4544,15751
"838",66,6632,66383,"Risaralda","Dos - vertiente occidental","La Celia",2005,965.35285,8773
"839",66,6691,66400,"Risaralda","Uno - vertiente oriental","La Virginia",2005,2987.063,31266
"840",66,6691,66440,"Risaralda","Uno - vertiente oriental","Marsella",2005,2739.1658,21465
"841",66,6688,66456,"Risaralda","Tres - vertiente","Mistrató",2005,3258.1817,15173
"842",66,6629,66572,"Risaralda","Del pacifico","Pueblo Rico",2005,2896.3102,11979
"843",66,6632,66594,"Risaralda","Dos - vertiente occidental","Quinchía",2005,4695.4673,33323
"844",66,6691,66682,"Risaralda","Uno - vertiente oriental","Santa Rosa de Cabal",2005,6061.1325,69950
"845",66,6632,66687,"Risaralda","Dos - vertiente occidental","Santuario",2005,1677.0022,15422
"846",68,6879,68001,"Santander","Soto","Bucaramanga",2005,26617.315,516460
"847",68,6898,68013,"Santander","Vélez","Aguada",2005,361.63716,2117
"848",68,6898,68020,"Santander","Vélez","Albania",2005,437.84274,4473
"849",68,6837,68051,"Santander","Guanenta","Aratoca",2005,1266.9507,8395
"850",68,6898,68077,"Santander","Vélez","Barbosa",2005,2110.4839,26046
"851",68,6837,68079,"Santander","Guanenta","Barichara",2005,750.49577,7651
"852",68,6848,68081,"Santander","Mares","Barrancabermeja",2005,13089.159,190069
"853",68,6848,68092,"Santander","Mares","Betulia",2005,1104.294,5350
"854",68,6898,68101,"Santander","Vélez","Bolívar",2005,2761.562,13996
"855",68,6837,68121,"Santander","Guanenta","Cabrera",2005,201.87589,1924
"856",68,6879,68132,"Santander","Soto","California",2005,112.34328,1793
"857",68,6834,68147,"Santander","Garcia rovira","Capitanejo",2005,365.17042,6152
"858",68,6834,68152,"Santander","Garcia rovira","Carcasí",2005,396.15056,5200
"859",68,6834,68160,"Santander","Garcia rovira","Cepitá",2005,344.80418,2022
"860",68,6834,68162,"Santander","Garcia rovira","Cerrito",2005,705.65474,6319
"861",68,6837,68167,"Santander","Guanenta","Charalá",2005,953.01399,11422
"862",68,6879,68169,"Santander","Soto","Charta",2005,534.65277,3142
"863",68,6824,68176,"Santander","Comunera","Chima",2005,528.08963,3338
"864",68,6898,68179,"Santander","Vélez","Chipatá",2005,663.21907,5151
"865",68,6898,68190,"Santander","Vélez","Cimitarra",2005,4949.1246,34293
"866",68,6834,68207,"Santander","Garcia rovira","Concepción",2005,641.43983,5908
"867",68,6824,68209,"Santander","Comunera","Confines",2005,307.18497,2753
"868",68,6824,68211,"Santander","Comunera","Contratación",2005,247.86972,4021
"869",68,6837,68217,"Santander","Guanenta","Coromoro",2005,1361.1788,7376
"870",68,6837,68229,"Santander","Guanenta","Curití",2005,1549.7482,11464
"871",68,6848,68235,"Santander","Mares","El Carmen de Chucurí",2005,3016.3339,18098
"872",68,6824,68245,"Santander","Comunera","El Guacamayo",2005,381.88484,2303
"873",68,6898,68250,"Santander","Vélez","El Peñón",2005,1676.0716,5600
"874",68,6879,68255,"Santander","Soto","El Playón",2005,2310.1785,13148
"875",68,6837,68264,"Santander","Guanenta","Encino",2005,647.83412,2711
"876",68,6834,68266,"Santander","Garcia rovira","Enciso",2005,374.72427,3989
"877",68,6898,68271,"Santander","Vélez","Florián",2005,977.79779,6378
"878",68,6879,68276,"Santander","Soto","Floridablanca",2005,12501.878,254600
"879",68,6824,68296,"Santander","Comunera","Galán",2005,406.79023,2992
"880",68,6824,68298,"Santander","Comunera","Gambita",2005,898.12812,5168
"881",68,6879,68307,"Santander","Soto","Girón",2005,9862.3084,135860
"882",68,6834,68318,"Santander","Garcia rovira","Guaca",2005,925.81656,6916
"883",68,6824,68320,"Santander","Comunera","Guadalupe",2005,394.29808,5596
"884",68,6824,68322,"Santander","Comunera","Guapotá",2005,208.08537,2271
"885",68,6898,68324,"Santander","Vélez","Guavatá",2005,239.16374,4402
"886",68,6898,68327,"Santander","Vélez","Güepsa",2005,540.45977,4285
"887",68,6824,68344,"Santander","Comunera","Hato",2005,355.54104,2401
"888",68,6898,68368,"Santander","Vélez","Jesús María",2005,357.01655,3455
"889",68,6837,68370,"Santander","Guanenta","Jordán",2005,299.89517,1164
"890",68,6898,68377,"Santander","Vélez","La Belleza",2005,1229.7224,8462
"891",68,6898,68385,"Santander","Vélez","Landázuri",2005,3278.6159,15192
"892",68,6898,68397,"Santander","Vélez","La Paz",2005,988.14872,5611
"893",68,6879,68406,"Santander","Soto","Lebríja",2005,3347.8971,30980
"894",68,6879,68418,"Santander","Soto","Los Santos",2005,1910.5886,10977
"895",68,6834,68425,"Santander","Garcia rovira","Macaravita",2005,280.32065,2753
"896",68,6834,68432,"Santander","Garcia rovira","Málaga",2005,910.43411,18706
"897",68,6879,68444,"Santander","Soto","Matanza",2005,832.49258,5840
"898",68,6837,68464,"Santander","Guanenta","Mogotes",2005,1538.2018,10952
"899",68,6834,68468,"Santander","Garcia rovira","Molagavita",2005,865.67153,5764
"900",68,6837,68498,"Santander","Guanenta","Ocamonte",2005,671.87211,4984
"901",68,6824,68500,"Santander","Comunera","Oiba",2005,1258.665,10983
"902",68,6837,68502,"Santander","Guanenta","Onzaga",2005,726.60211,5707
"903",68,6824,68522,"Santander","Comunera","Palmar",2005,238.12398,2883
"904",68,6824,68524,"Santander","Comunera","Palmas del Socorro",2005,201.68064,2443
"905",68,6837,68533,"Santander","Guanenta","Páramo",2005,513.58281,3671
"906",68,6879,68547,"Santander","Soto","Piedecuesta",2005,7434.8947,117405
"907",68,6837,68549,"Santander","Guanenta","Pinchote",2005,175.19333,4420
"908",68,6898,68572,"Santander","Vélez","Puente Nacional",2005,1034.5299,14538
"909",68,6898,68573,"Santander","Vélez","Puerto Parra",2005,1295.0705,6514
"910",68,6848,68575,"Santander","Mares","Puerto Wilches",2005,5079.9092,31503
"911",68,6879,68615,"Santander","Soto","Rionegro",2005,5538.0545,29382
"912",68,6848,68655,"Santander","Mares","Sabana de Torres",2005,2325.8674,19772
"913",68,6834,68669,"Santander","Garcia rovira","San Andrés",2005,820.13139,9783
"914",68,6898,68673,"Santander","Vélez","San Benito",2005,528.76674,3907
"915",68,6837,68679,"Santander","Guanenta","San Gil",2005,1742.7053,43519
"916",68,6837,68682,"Santander","Guanenta","San Joaquín",2005,579.07151,2948
"917",68,6834,68684,"Santander","Garcia rovira","San José de Miranda",2005,629.67359,4855
"918",68,6834,68686,"Santander","Garcia rovira","San Miguel",2005,222.26026,2683
"919",68,6848,68689,"Santander","Mares","San Vicente de Chucurí",2005,3917.6417,33267
"920",68,6879,68705,"Santander","Soto","Santa Bárbara",2005,379.30119,2311
"921",68,6824,68720,"Santander","Comunera","Santa Helena del Opón",2005,1397.5468,4473
"922",68,6824,68745,"Santander","Comunera","Simacota",2005,1742.2561,8910
"923",68,6824,68755,"Santander","Comunera","Socorro",2005,1579.9462,29076
"924",68,6824,68770,"Santander","Comunera","Suaita",2005,1034.3345,10975
"925",68,6898,68773,"Santander","Vélez","Sucre",2005,1912.1924,9256
"926",68,6879,68780,"Santander","Soto","Suratá",2005,397.31015,3662
"927",68,6879,68820,"Santander","Soto","Tona",2005,1040.0267,6690
"928",68,6837,68855,"Santander","Guanenta","Valle de San José",2005,521.79215,5315
"929",68,6898,68861,"Santander","Vélez","Vélez",2005,2101.4302,19755
"930",68,6879,68867,"Santander","Soto","Vetas",2005,187.92,2349
"931",68,6837,68872,"Santander","Guanenta","Villanueva",2005,844.74691,6978
"932",68,6848,68895,"Santander","Mares","Zapatoca",2005,917.78326,9449
"933",70,7052,70001,"Sucre","Montes de maría","Sincelejo",2005,14486.236,237639
"934",70,7073,70110,"Sucre","Sabanas","Buenavista",2005,575.1014,8962
"935",70,7074,70124,"Sucre","San jorge","Caimito",2005,1774.3044,11048
"936",70,7052,70204,"Sucre","Montes de maría","Coloso",2005,680.55977,6214
"937",70,7073,70215,"Sucre","Sabanas","Corozal",2005,4018.261,57767
"938",70,7053,70221,"Sucre","Morrosquillo","Coveñas",2005,673.80925,11331
"939",70,7052,70230,"Sucre","Montes de maría","Chalán",2005,397.62757,4188
"940",70,7073,70233,"Sucre","Sabanas","El Roble",2005,848.34365,9433
"941",70,7073,70235,"Sucre","Sabanas","Galeras",2005,1285.9922,17297
"942",70,7051,70265,"Sucre","Mojana","Guaranda",2005,1616.1795,15498
"943",70,7074,70400,"Sucre","San jorge","La Unión",2005,656.49715,10346
"944",70,7073,70418,"Sucre","Sabanas","Los Palmitos",2005,1223.6999,19315
"945",70,7051,70429,"Sucre","Mojana","Majagual",2005,3909.9149,31657
"946",70,7052,70473,"Sucre","Montes de maría","Morroa",2005,739.13572,12846
"947",70,7052,70508,"Sucre","Montes de maría","Ovejas",2005,2224.0232,21658
"948",70,7053,70523,"Sucre","Morrosquillo","Palmito",2005,1764.0304,11361
"949",70,7073,70670,"Sucre","Sabanas","Sampués",2005,3584.7471,36481
"950",70,7074,70678,"Sucre","San jorge","San Benito Abad",2005,3863.431,22972
"951",70,7073,70702,"Sucre","Sabanas","San Juan de Betulia",2005,535.22596,12378
"952",70,7074,70708,"Sucre","San jorge","San Marcos",2005,6618.6318,50679
"953",70,7053,70713,"Sucre","Morrosquillo","San Onofre",2005,5491.7889,46383
"954",70,7073,70717,"Sucre","Sabanas","San Pedro",2005,1953.1339,16415
"955",70,7073,70742,"Sucre","Sabanas","San Luis de Sincé",2005,3238.1604,30648
"956",70,7051,70771,"Sucre","Mojana","Sucre",2005,2052.5746,22463
"957",70,7053,70820,"Sucre","Morrosquillo","Santiago de Tolú",2005,2055.0883,28108
"958",70,7053,70823,"Sucre","Morrosquillo","Tolú Viejo",2005,1112.9296,18955
"959",73,7341,73001,"Tolima","Ibague","Ibagué",2005,41139.461,498130
"960",73,7386,73024,"Tolima","Suroriente","Alpujarra",2005,393.42216,5174
"961",73,7341,73026,"Tolima","Ibague","Alvarado",2005,945.71699,8972
"962",73,7358,73030,"Tolima","Norte","Ambalema",2005,757.06235,7674
"963",73,7341,73043,"Tolima","Ibague","Anzoátegui",2005,2653.9775,16422
"964",73,7358,73055,"Tolima","Norte","Armero",2005,1556.428,13064
"965",73,7382,73067,"Tolima","Sur","Ataco",2005,4234.9135,21942
"966",73,7341,73124,"Tolima","Ibague","Cajamarca",2005,3034.2711,19789
"967",73,7362,73148,"Tolima","Oriente","Carmen de Apicalá",2005,576.87093,8394
"968",73,7355,73152,"Tolima","Nevados","Casabianca",2005,1313.7388,6909
"969",73,7382,73168,"Tolima","Sur","Chaparral",2005,7556.9879,46712
"970",73,7341,73200,"Tolima","Ibague","Coello",2005,747.97458,9017
"971",73,7382,73217,"Tolima","Sur","Coyaima",2005,4309.713,28056
"972",73,7362,73226,"Tolima","Oriente","Cunday",2005,1039.5042,10689
"973",73,7386,73236,"Tolima","Suroriente","Dolores",2005,1233.9317,9164
"974",73,7341,73268,"Tolima","Ibague","Espinal",2005,5927.1066,76237
"975",73,7358,73270,"Tolima","Norte","Falan",2005,1062.7694,9277
"976",73,7341,73275,"Tolima","Ibague","Flandes",2005,1920.8633,27943
"977",73,7358,73283,"Tolima","Norte","Fresno",2005,4216.3455,31317
"978",73,7386,73319,"Tolima","Suroriente","Guamo",2005,2751.2397,34781
"979",73,7355,73347,"Tolima","Nevados","Herveo",2005,1564.1761,9142
"980",73,7358,73349,"Tolima","Norte","Honda",2005,1724.946,27310
"981",73,7362,73352,"Tolima","Oriente","Icononzo",2005,894.89948,11649
"982",73,7355,73408,"Tolima","Nevados","Lérida",2005,2351.2601,19489
"983",73,7355,73411,"Tolima","Nevados","Líbano",2005,5050.3931,42269
"984",73,7358,73443,"Tolima","Norte","Mariquita",2005,2477.2532,32933
"985",73,7362,73449,"Tolima","Oriente","Melgar",2005,1400.7968,32774
"986",73,7355,73461,"Tolima","Nevados","Murillo",2005,956.47612,5075
"987",73,7382,73483,"Tolima","Sur","Natagaima",2005,2581.1814,23212
"988",73,7382,73504,"Tolima","Sur","Ortega",2005,5428.4565,33873
"989",73,7358,73520,"Tolima","Norte","Palocabildo",2005,1473.7487,9609
"990",73,7341,73547,"Tolima","Ibague","Piedras",2005,415.78092,5427
"991",73,7382,73555,"Tolima","Sur","Planadas",2005,6946.9952,29417
"992",73,7386,73563,"Tolima","Suroriente","Prado",2005,746.47662,8761
"993",73,7386,73585,"Tolima","Suroriente","Purificación",2005,2425.4137,27873
"994",73,7382,73616,"Tolima","Sur","Rioblanco",2005,6945.0898,25636
"995",73,7382,73622,"Tolima","Sur","Roncesvalles",2005,820.9406,6269
"996",73,7341,73624,"Tolima","Ibague","Rovira",2005,3706.1687,21665
"997",73,7386,73671,"Tolima","Suroriente","Saldaña",2005,1127.9046,14990
"998",73,7382,73675,"Tolima","Sur","San Antonio",2005,2363.683,15331
"999",73,7341,73678,"Tolima","Ibague","San Luis",2005,1672.2806,19262
"1000",73,7355,73686,"Tolima","Nevados","Santa Isabel",2005,1013.3104,6565
"1001",73,7386,73770,"Tolima","Suroriente","Suárez",2005,427.80379,4519
"1002",73,7341,73854,"Tolima","Ibague","Valle de San Juan",2005,670.93142,6178
"1003",73,7355,73861,"Tolima","Nevados","Venadillo",2005,2242.3005,18769
"1004",73,7355,73870,"Tolima","Nevados","Villahermosa",2005,1852.8596,11196
"1005",73,7362,73873,"Tolima","Oriente","Villarrica",2005,415.48962,6226
"1006",76,7682,76001,"Valle del Cauca","Sur","Cali",2005,101376.4,2119843
"1007",76,7658,76020,"Valle del Cauca","Norte","Alcalá",2005,2576.2656,17588
"1008",76,7621,76036,"Valle del Cauca","Centro","Andalucía",2005,1396.9633,18196
"1009",76,7658,76041,"Valle del Cauca","Norte","Ansermanuevo",2005,3225.0526,20782
"1010",76,7658,76054,"Valle del Cauca","Norte","Argelia",2005,860.9691,6713
"1011",76,7658,76100,"Valle del Cauca","Norte","Bolívar",2005,2075.8283,15366
"1012",76,7660,76109,"Valle del Cauca","Occidente","Buenaventura",2005,36815.24,328753
"1013",76,7621,76111,"Valle del Cauca","Centro","Guadalajara de Buga",2005,5911.9757,116831
"1014",76,7621,76113,"Valle del Cauca","Centro","Bugalagrande",2005,1750.1951,21607
"1015",76,7662,76122,"Valle del Cauca","Oriente","Caicedonia",2005,2160.5211,31110
"1016",76,7621,76126,"Valle del Cauca","Centro","Calima",2005,973.14798,15495
"1017",76,7682,76130,"Valle del Cauca","Sur","Candelaria",2005,4858.148,70267
"1018",76,7658,76147,"Valle del Cauca","Norte","Cartago",2005,8866.7283,124842
"1019",76,7682,76233,"Valle del Cauca","Sur","Dagua",2005,2799.7643,35270
"1020",76,7658,76243,"Valle del Cauca","Norte","El Águila",2005,1739.5736,10693
"1021",76,7658,76246,"Valle del Cauca","Norte","El Cairo",2005,1462.8902,9382
"1022",76,7621,76248,"Valle del Cauca","Centro","El Cerrito",2005,3617.7612,54576
"1023",76,7658,76250,"Valle del Cauca","Norte","El Dovio",2005,1170.9637,9598
"1024",76,7682,76275,"Valle del Cauca","Sur","Florida",2005,3472.7263,55996
"1025",76,7621,76306,"Valle del Cauca","Centro","Ginebra",2005,1334.4183,19283
"1026",76,7621,76318,"Valle del Cauca","Centro","Guacarí",2005,1643.3512,31785
"1027",76,7682,76364,"Valle del Cauca","Sur","Jamundí",2005,6940.0347,96849
"1028",76,7682,76377,"Valle del Cauca","Sur","La Cumbre",2005,722.46792,11126
"1029",76,7658,76400,"Valle del Cauca","Norte","La Unión",2005,1854.223,31800
"1030",76,7658,76403,"Valle del Cauca","Norte","La Victoria",2005,1120.9078,14132
"1031",76,7658,76497,"Valle del Cauca","Norte","Obando",2005,1553.9069,14409
"1032",76,7682,76520,"Valle del Cauca","Sur","Palmira",2005,18367.064,284319
"1033",76,7682,76563,"Valle del Cauca","Sur","Pradera",2005,3183.2873,48845
"1034",76,7621,76606,"Valle del Cauca","Centro","Restrepo",2005,1079.7324,15796
"1035",76,7621,76616,"Valle del Cauca","Centro","Riofrío",2005,1710.4072,17383
"1036",76,7658,76622,"Valle del Cauca","Norte","Roldanillo",2005,1839.7064,34710
"1037",76,7621,76670,"Valle del Cauca","Centro","San Pedro",2005,1069.6132,15789
"1038",76,7662,76736,"Valle del Cauca","Oriente","Sevilla",2005,3994.4854,47940
"1039",76,7658,76823,"Valle del Cauca","Norte","Toro",2005,1725.1611,15910
"1040",76,7621,76828,"Valle del Cauca","Centro","Trujillo",2005,2099.2254,18676
"1041",76,7621,76834,"Valle del Cauca","Centro","Tuluá",2005,11567.176,187249
"1042",76,7658,76845,"Valle del Cauca","Norte","Ulloa",2005,717.97681,5742
"1043",76,7658,76863,"Valle del Cauca","Norte","Versalles",2005,774.25508,8283
"1044",76,7682,76869,"Valle del Cauca","Sur","Vijes",2005,778.27319,9781
"1045",76,7621,76890,"Valle del Cauca","Centro","Yotoco",2005,1180.2668,15573
"1046",76,7682,76892,"Valle del Cauca","Sur","Yumbo",2005,5036.4981,92214
"1047",76,7658,76895,"Valle del Cauca","Norte","Zarzal",2005,1478.6252,40968
"1048",81,8107,81001,"Arauca","Arauca","Arauca",2005,5961.1666,75568
"1049",81,8107,81065,"Arauca","Arauca","Arauquita",2005,3952.3142,36745
"1050",81,8107,81220,"Arauca","Arauca","Cravo Norte",2005,520.81166,3661
"1051",81,8107,81300,"Arauca","Arauca","Fortul",2005,3360.1266,21851
"1052",81,8107,81591,"Arauca","Arauca","Puerto Rondón",2005,413.47987,3962
"1053",81,8107,81736,"Arauca","Arauca","Saravena",2005,4968.3657,42766
"1054",81,8107,81794,"Arauca","Arauca","Tame",2005,5200.5421,47576
"1055",85,8519,85001,"Casanare","Casanare","Yopal",2005,9682.3098,106762
"1056",85,8519,85010,"Casanare","Casanare","Aguazul",2005,2184.0915,28319
"1057",85,8519,85015,"Casanare","Casanare","Chameza",2005,206.49083,1820
"1058",85,8519,85125,"Casanare","Casanare","Hato Corozal",2005,1771.0734,10091
"1059",85,8519,85136,"Casanare","Casanare","La Salina",2005,124.76191,1310
"1060",85,8519,85139,"Casanare","Casanare","Maní",2005,1007.7064,11176
"1061",85,8519,85162,"Casanare","Casanare","Monterrey",2005,898.12031,12740
"1062",85,8519,85225,"Casanare","Casanare","Nunchía",2005,1726.4696,8420
"1063",85,8519,85230,"Casanare","Casanare","Orocué",2005,1637.0743,7717
"1064",85,8519,85250,"Casanare","Casanare","Paz de Ariporo",2005,4006.8605,27122
"1065",85,8519,85263,"Casanare","Casanare","Pore",2005,1116.9979,7974
"1066",85,8519,85279,"Casanare","Casanare","Recetor",2005,675.01169,2608
"1067",85,8519,85300,"Casanare","Casanare","Sabanalarga",2005,330.19215,3434
"1068",85,8519,85315,"Casanare","Casanare","Sácama",2005,229.65387,1706
"1069",85,8519,85325,"Casanare","Casanare","San Luis de Palenque",2005,1756.5698,7423
"1070",85,8519,85400,"Casanare","Casanare","Támara",2005,1701.5205,7120
"1071",85,8519,85410,"Casanare","Casanare","Tauramena",2005,1173.3619,16239
"1072",85,8519,85430,"Casanare","Casanare","Trinidad",2005,1860.0383,11501
"1073",85,8519,85440,"Casanare","Casanare","Villanueva",2005,1968.2227,21794
"1074",86,8666,86001,"Putumayo","Putumayo","Mocoa",2005,2777.4126,35755
"1075",86,8666,86219,"Putumayo","Putumayo","Colón",2005,523.38451,5166
"1076",86,8666,86320,"Putumayo","Putumayo","Orito",2005,7894.027,43654
"1077",86,8666,86568,"Putumayo","Putumayo","Puerto Asís",2005,7619.9803,55759
"1078",86,8666,86569,"Putumayo","Putumayo","Puerto Caicedo",2005,3410.2398,14206
"1079",86,8666,86571,"Putumayo","Putumayo","Puerto Guzmán",2005,9279.4304,22679
"1080",86,8666,86573,"Putumayo","Putumayo","Puerto Leguízamo",2005,3584.3676,16044
"1081",86,8666,86749,"Putumayo","Putumayo","Sibundoy",2005,2199.8396,13270
"1082",86,8666,86755,"Putumayo","Putumayo","San Francisco",2005,1422.6446,6808
"1083",86,8666,86757,"Putumayo","Putumayo","San Miguel",2005,3682.2362,21838
"1084",86,8666,86760,"Putumayo","Putumayo","Santiago",2005,1955.2144,9209
"1085",86,8666,86865,"Putumayo","Putumayo","Valle del Guamuez",2005,6984.7538,44959
"1086",86,8666,86885,"Putumayo","Putumayo","Villagarzón",2005,6290.9481,20785
"1087",88,8808,88001,"Archipiélago de San Andrés","Archipiélago de s a","San Andrés",2005,2460.3562,65627
"1088",88,8808,88564,"Archipiélago de San Andrés","Archipiélago de s a","Providencia",2005,321.76907,4927
"1089",91,9106,91001,"Amazonas","Amazonas","Leticia",2005,3599.8926,37832
"1090",91,9106,91263,"Amazonas","Amazonas","El Encanto (CD)",2005,350.08,4376
"1091",91,9106,91405,"Amazonas","Amazonas","La Chorrera (CD)",2005,846.95429,3337
"1092",91,9106,91407,"Amazonas","Amazonas","La Pedrera (CD)",2005,525.14138,3711
"1093",91,9106,91430,"Amazonas","Amazonas","La Victoria (CD)",2005,NA,979
"1094",91,9106,91460,"Amazonas","Amazonas","Miriti - Paraná (CD)",2005,821.5,1643
"1095",91,9106,91530,"Amazonas","Amazonas","Puerto Alegría (CD)",2005,1277,1277
"1096",91,9106,91536,"Amazonas","Amazonas","Puerto Arica (CD)",2005,502.96651,1440
"1097",91,9106,91540,"Amazonas","Amazonas","Puerto Nariño",2005,1608.444,6983
"1098",91,9106,91669,"Amazonas","Amazonas","Puerto Santander (CD)",2005,384.8109,2373
"1099",91,9106,91798,"Amazonas","Amazonas","Tarapacá (CD)",2005,1104.1875,3775
"1100",94,9435,94001,"Guainía","Guainía","Inírida",2005,2691.2306,17866
"1101",94,9435,94343,"Guainía","Guainía","Barranco Minas (CD)",2005,1160.4707,4384
"1102",94,9435,94663,"Guainía","Guainía","Mapiripana (CD)",2005,NA,3072
"1103",94,9435,94883,"Guainía","Guainía","San Felipe (CD)",2005,293.53443,1362
"1104",94,9435,94884,"Guainía","Guainía","Puerto Colombia (CD)",2005,1353.8219,3753
"1105",94,9435,94885,"Guainía","Guainía","La Guadalupe (CD)",2005,63,225
"1106",94,9435,94886,"Guainía","Guainía","Cacahual (CD)",2005,454.85717,1592
"1107",94,9435,94887,"Guainía","Guainía","Pana Pana (CD)",2005,NA,2224
"1108",94,9435,94888,"Guainía","Guainía","Morichal (CD)",2005,NA,752
"1109",95,9538,95001,"Guaviare","Guaviare","San José del Guaviare",2005,7444.5145,53994
"1110",95,9538,95015,"Guaviare","Guaviare","Calamar",2005,1894.1486,11183
"1111",95,9538,95025,"Guaviare","Guaviare","El Retorno",2005,3688.3607,19063
"1112",95,9538,95200,"Guaviare","Guaviare","Miraflores",2005,1437.9346,11311
"1113",97,9796,97001,"Vaupés","Vaupés","Mitú",2005,2929.1019,28382
"1114",97,9796,97161,"Vaupés","Vaupés","Caruru",2005,442.09079,3242
"1115",97,9796,97511,"Vaupés","Vaupés","Pacoa (CD)",2005,NA,4459
"1116",97,9796,97666,"Vaupés","Vaupés","Taraira",2005,319.96457,1048
"1117",97,9796,97777,"Vaupés","Vaupés","Papunaua (CD)",2005,313.92861,879
"1118",97,9796,97889,"Vaupés","Vaupés","Yavaraté (CD)",2005,609.85919,1269
"1119",99,9997,99001,"Vichada","Vichada","Puerto Carreño",2005,2211.5524,13288
"1120",99,9997,99524,"Vichada","Vichada","La Primavera",2005,2204.6322,10616
"1121",99,9997,99624,"Vichada","Vichada","Santa Rosalía",2005,1079.6233,3250
"1122",99,9997,99773,"Vichada","Vichada","Cumaribo",2005,8539.6591,28718
